State_Name,Crop,Production
Kerala,Coconut,97803036000.00
Andhra Pradesh,Coconut,16806002260.00
Tamil Nadu,Coconut,10937742655.00
Uttar Pradesh,Sugarcane,2202874890.00
Assam,Coconut,1954408105.00
Maharashtra,Sugarcane,938485965.00
Tamil Nadu,Sugarcane,847496816.00
West Bengal,Coconut,717841216.00
Andaman and Nicobar Islands,Coconut,717790000.00
Karnataka,Sugarcane,515845482.00
Goa,Coconut,503112559.00
Uttar Pradesh,Wheat,469911750.00
Puducherry,Coconut,379139000.00
Punjab,Wheat,276946000.00
West Bengal,Rice,258092849.00
Andhra Pradesh,Sugarcane,226730305.00
Uttar Pradesh,Rice,218793359.00
Gujarat,Sugarcane,212022800.00
Uttar Pradesh,Potato,192068401.00
Punjab,Rice,179702000.00
Haryana,Wheat,158647000.00
West Bengal,Potato,154976910.00
West Bengal,Jute,147825671.00
Madhya Pradesh,Wheat,147153856.00
Andhra Pradesh,Rice,143742455.00
Odisha,Rice,119422742.00
Haryana,Sugarcane,112680900.00
Bihar,Sugarcane,106227183.00
Telangana,Coconut,105672992.00
Tamil Nadu,Rice,100122666.00
Uttarakhand,Sugarcane,98902736.00
Rajasthan,Wheat,94669124.00
Bihar,Rice,92022922.00
Punjab,Sugarcane,88780000.00
Gujarat,Cotton(lint),85777500.00
Madhya Pradesh,Soyabean,85273955.00
Chhattisgarh,Rice,81498618.00
Bihar,Wheat,81020206.00
Assam,Rice,71801090.00
Maharashtra,Cotton(lint),71786349.00
Telangana,Rice,69195676.00
Karnataka,Rice,65837072.79
Telangana,Sugarcane,63164528.00
Tamil Nadu,Banana,58716087.00
Karnataka,Coconut,56767101.29
Tamil Nadu,Tapioca,55648649.00
Maharashtra,Jowar,55018576.00
Haryana,Rice,49318300.00
Karnataka,Maize,48308900.00
Kerala,Tapioca,46113659.30
Rajasthan,Bajra,44172355.00
Maharashtra,Rice,43008628.00
Maharashtra,Soyabean,39994352.00
Madhya Pradesh,Gram,39030407.00
Rajasthan,Rapeseed &Mustard,38817485.00
West Bengal,Oilseeds total,38657300.00
Gujarat,Wheat,36783800.00
Gujarat,Groundnut,36609300.00
Madhya Pradesh,Sugarcane,33870810.00
Bihar,Maize,32232829.00
Telangana,Cotton(lint),31228434.00
Uttar Pradesh,Total foodgrain,30587158.00
Telangana,Maize,30559315.00
Punjab,Cotton(lint),29262000.00
Madhya Pradesh,Rice,27622679.00
West Bengal,Sugarcane,27538321.00
Gujarat,Banana,25402100.00
Haryana,Cotton(lint),25258700.00
Uttar Pradesh,Bajra,24421607.00
Karnataka,Jowar,24191754.00
Karnataka,Ragi,23538643.00
Madhya Pradesh,Maize,22546783.00
Maharashtra,Wheat,22443475.00
Uttar Pradesh,Maize,22377151.00
Maharashtra,Maize,20853343.00
Bihar,Jute,20300657.00
Rajasthan,Maize,19133051.00
Assam,Paddy,19095877.00
Gujarat,Rice,19084200.00
Tamil Nadu,Groundnut,18933400.00
Assam,Sugarcane,18845994.00
Gujarat,Onion,18808000.00
Gujarat,Bajra,18724400.00
Andhra Pradesh,Maize,18527379.00
Andhra Pradesh,Groundnut,18385361.00
Odisha,Sugarcane,18114891.60
Andhra Pradesh,Cotton(lint),17882076.00
Gujarat,Potato,17283000.00
Karnataka,Arecanut,16740994.00
Maharashtra,Bajra,16029469.00
West Bengal,Wheat,15785272.00
Karnataka,Cotton(lint),15319987.00
Andhra Pradesh,Banana,15041631.00
West Bengal,Pulses total,14150679.00
Bihar,Potato,14035519.00
Haryana,Bajra,13502100.00
Karnataka,Onion,12985922.00
Maharashtra,Arhar/Tur,12870087.00
Rajasthan,Gram,12672230.00
Maharashtra,Gram,12630797.00
Gujarat,Castor seed,12423900.00
Assam,Jute,11789532.00
Assam,Banana,11724386.00
Uttarakhand,Wheat,11632116.00
Uttar Pradesh,Rapeseed &Mustard,11259735.00
Tamil Nadu,Maize,11201656.00
Assam,Potato,11021521.00
Karnataka,Banana,10986598.00
Uttar Pradesh,Gram,10956301.00
Karnataka,Groundnut,10955920.00
Madhya Pradesh,Rapeseed &Mustard,10903356.11
Haryana,Rapeseed &Mustard,10803800.00
Tripura,Rice,10685011.00
Rajasthan,Soyabean,10651942.00
Kerala,Rice,10593347.58
Madhya Pradesh,Onion,10511096.00
Madhya Pradesh,Potato,10386198.00
Gujarat,Maize,10130600.00
Madhya Pradesh,Cotton(lint),10109481.10
Madhya Pradesh,Jowar,10051589.00
Uttarakhand,Rice,9195479.00
Tamil Nadu,Total foodgrain,9121209.00
Uttar Pradesh,Barley,8594791.00
Andhra Pradesh,Mango,8253919.00
Punjab,Maize,8052000.00
Rajasthan,Sugarcane,7828877.00
Himachal Pradesh,Maize,7813360.00
Andhra Pradesh,Dry chillies,7721555.00
Kerala,Banana,7655661.99
Jharkhand,Rice,7527411.94
Andhra Pradesh,Gram,7502877.00
Rajasthan,Barley,7442917.00
Rajasthan,Guar seed,7400477.00
Maharashtra,Groundnut,6774949.00
Andhra Pradesh,Onion,6718618.00
West Bengal,Rapeseed &Mustard,6699665.00
Andhra Pradesh,Mesta,6657005.00
Madhya Pradesh,Banana,6405551.00
Uttar Pradesh,Masoor,6229900.00
Odisha,Paddy,6204467.00
Himachal Pradesh,Wheat,6105703.00
Karnataka,Dry ginger,6076419.90
Karnataka,Arhar/Tur,6038696.00
Uttar Pradesh,Peas & beans (Pulses),6031384.00
Karnataka,Gram,5961803.00
Karnataka,Potato,5950292.00
Gujarat,Rapeseed &Mustard,5844000.00
Rajasthan,Cotton(lint),5571377.00
Karnataka,Sunflower,5545739.10
Uttar Pradesh,Arhar/Tur,5415396.00
Rajasthan,Groundnut,5380526.00
Nagaland,Rice,5269790.00
Tamil Nadu,Jowar,4905140.00
Karnataka,Paddy,4816536.00
Jammu and Kashmir,Maize,4753864.00
West Bengal,Maize,4749814.00
Telangana,Jowar,4727255.00
Telangana,Groundnut,4650591.00
Uttar Pradesh,Onion,4626782.00
Andhra Pradesh,Urad,4596823.00
Madhya Pradesh,Bajra,4444429.30
Uttar Pradesh,Jowar,4374182.00
Karnataka,Bajra,4317082.00
Tamil Nadu,Cotton(lint),4277078.00
Andhra Pradesh,Jowar,4275612.00
Madhya Pradesh,Groundnut,4234150.00
Maharashtra,Moong(Green Gram),4212475.00
Madhya Pradesh,Arhar/Tur,4185915.00
Telangana,Dry chillies,4165163.00
Puducherry,Sugarcane,4151379.00
Jammu and Kashmir,Rice,4116594.40
Tamil Nadu,Onion,4026295.00
Telangana,Onion,4008473.00
Gujarat,Arhar/Tur,4005300.00
Rajasthan,Onion,3937989.00
Karnataka,Wheat,3856245.00
Manipur,Rice,3850798.00
Gujarat,Oilseeds total,3845031.00
Maharashtra,Urad,3831797.00
Kerala,Sugarcane,3819915.84
Rajasthan,Jowar,3719288.00
Andhra Pradesh,Tobacco,3695447.00
Jammu and Kashmir,Wheat,3690143.80
Telangana,Turmeric,3656290.00
Maharashtra,Banana,3634720.00
Haryana,Potato,3621500.00
Andhra Pradesh,other oilseeds,3595365.00
Meghalaya,Rice,3531474.00
Tamil Nadu,Guar seed,3514258.00
Tamil Nadu,Ragi,3507431.00
Rajasthan,Moth,3453484.10
Chhattisgarh,Khesari,3416795.00
Uttar Pradesh,Urad,3408835.40
Andhra Pradesh,Tomato,3366529.00
Andhra Pradesh,Sunflower,3248789.00
Uttarakhand,Total foodgrain,3225930.00
Rajasthan,Moong(Green Gram),3031373.00
Madhya Pradesh,Garlic,2986350.00
Chhattisgarh,Gram,2963354.00
Bihar,Banana,2884412.00
Meghalaya,Potato,2853298.00
Bihar,Mesta,2842240.00
Uttarakhand,Potato,2811721.00
Arunachal Pradesh,Rice,2709476.60
Andhra Pradesh,Papaya,2700821.00
Rajasthan,Rice,2684728.00
Odisha,Maize,2667442.80
Gujarat,Jowar,2625900.00
Madhya Pradesh,Masoor,2596700.00
Uttar Pradesh,Sweet potato,2556292.00
Gujarat,Tobacco,2538400.00
Rajasthan,Coriander,2537778.00
West Bengal,Sesamum,2506228.00
Chhattisgarh,Sugarcane,2499956.00
Assam,Rapeseed &Mustard,2495723.00
Bihar,Masoor,2435684.00
Gujarat,Garlic,2394300.00
Uttarakhand,Ragi,2375091.00
Maharashtra,Ragi,2370535.00
Chhattisgarh,Maize,2351292.00
Madhya Pradesh,Urad,2350726.00
Tamil Nadu,Urad,2301018.00
Tamil Nadu,Bajra,2300092.00
Gujarat,Sesamum,2241400.00
Nagaland,Sugarcane,2216170.00
Karnataka,Dry chillies,2181071.00
Uttar Pradesh,Tobacco,2130702.00
Odisha,Sweet potato,2118227.00
Maharashtra,Sunflower,2110434.00
Karnataka,Horse-gram,2098207.00
Tamil Nadu,Turmeric,2078659.00
Gujarat,Gram,1993000.00
Andhra Pradesh,Tapioca,1971485.00
Telangana,Soyabean,1962759.00
Kerala,Arecanut,1893641.85
Karnataka,Soyabean,1844638.00
Odisha,Groundnut,1819891.90
Haryana,Barley,1816000.00
Maharashtra,Safflower,1810405.00
Madhya Pradesh,Other  Rabi pulses,1796635.00
Telangana,Arhar/Tur,1776492.00
Haryana,Gram,1738000.00
Madhya Pradesh,Barley,1682241.00
West Bengal,Groundnut,1680964.00
Chhattisgarh,Wheat,1674120.00
Nagaland,Maize,1673600.00
Maharashtra,Onion,1663240.00
Kerala,Mango,1650151.00
Telangana,Moong(Green Gram),1626230.00
Telangana,Gram,1604655.00
West Bengal,Mesta,1592173.00
Bihar,Rapeseed &Mustard,1589462.00
Uttar Pradesh,Garlic,1574042.00
Andhra Pradesh,Turmeric,1568134.00
Andhra Pradesh,Arhar/Tur,1549955.00
Bihar,Onion,1538998.00
Madhya Pradesh,Paddy,1530500.00
Bihar,Khesari,1528910.00
Odisha,Potato,1520018.30
Bihar,Moong(Green Gram),1498106.10
Odisha,Onion,1492182.00
Assam,Pineapple,1461324.00
Madhya Pradesh,Sesamum,1455405.00
Goa,Rice,1432244.00
Himachal Pradesh,Rice,1419350.00
Madhya Pradesh,Small millets,1389071.00
Rajasthan,Castor seed,1379645.00
Uttar Pradesh,Groundnut,1372333.00
Tamil Nadu,Mango,1371865.00
Jharkhand,Potato,1365212.66
Odisha,Moong(Green Gram),1345839.60
Karnataka,Moong(Green Gram),1337271.00
Andhra Pradesh,Moong(Green Gram),1330384.00
Sikkim,Maize,1323547.00
Gujarat,Guar seed,1281800.00
Rajasthan,Sesamum,1274338.00
Andhra Pradesh,Bajra,1265709.00
Bihar,Gram,1255222.00
Punjab,Barley,1249400.00
Telangana,Castor seed,1243343.00
Gujarat,Moong(Green Gram),1240900.00
Himachal Pradesh,Potato,1233663.00
Assam,Wheat,1218370.00
Rajasthan,Garlic,1199097.00
Kerala,Rubber,1175267.00
Meghalaya,Banana,1171262.00
Andhra Pradesh,Ragi,1159489.00
Mizoram,Rice,1138604.00
Dadra and Nagar Haveli,Sugarcane,1115995.00
Tamil Nadu,Moong(Green Gram),1107283.10
Tamil Nadu,Potato,1081953.00
Arunachal Pradesh,Maize,1058829.00
Karnataka,Tobacco,1048160.00
Andhra Pradesh,Brinjal,1015080.00
Assam,Arecanut,1010523.00
Karnataka,Turmeric,995598.00
Puducherry,Rice,985958.00
Karnataka,Other Kharif pulses,976976.18
Maharashtra,Grapes,973173.00
Kerala,Black pepper,971530.11
Andhra Pradesh,Orange,955677.00
Madhya Pradesh,Linseed,954548.02
Madhya Pradesh,Other Kharif pulses,949111.00
Kerala,Cashewnut,948395.22
Gujarat,Urad,943200.00
Karnataka,Atcanut (Raw),927250.00
Madhya Pradesh,Peas & beans (Pulses),909011.00
Odisha,Ragi,907965.30
Chhattisgarh,Soyabean,905204.00
Assam,Orange,892874.00
Karnataka,Safflower,891029.00
Nagaland,Potato,886310.00
Rajasthan,other oilseeds,879082.00
Meghalaya,Dry ginger,877024.00
Chhattisgarh,Potato,874066.00
Telangana,Sunflower,845027.00
West Bengal,Masoor,841460.00
Tripura,Sugarcane,820546.00
Bihar,Arhar/Tur,817139.00
Odisha,Urad,810086.10
Uttar Pradesh,Banana,809492.00
Assam,Papaya,806067.00
Madhya Pradesh,Dry chillies,804394.01
Punjab,Rapeseed &Mustard,791700.00
Rajasthan,Potato,791486.00
Haryana,Onion,789400.00
Madhya Pradesh,Coriander,781843.02
West Bengal,Dry chillies,771351.00
Bihar,Sweet potato,765438.00
Karnataka,Black pepper,756941.80
West Bengal,Urad,756330.00
Tamil Nadu,Pulses total,750495.00
Odisha,Jute,747092.90
Arunachal Pradesh,Dry ginger,739471.00
Rajasthan,Urad,717966.00
Karnataka,Mango,714735.00
Uttar Pradesh,Other  Rabi pulses,705965.00
Arunachal Pradesh,Oilseeds total,705464.00
Uttarakhand,Small millets,690889.00
Maharashtra,Other Kharif pulses,687460.00
Meghalaya,Jute,685687.00
Karnataka,Sesamum,664358.00
Haryana,Other Vegetables,664300.00
Telangana,Urad,635701.00
Jharkhand,Maize,631550.15
Tamil Nadu,Arhar/Tur,625201.10
Chhattisgarh,Small millets,623629.00
Gujarat,Pulses total,610606.00
Tamil Nadu,Sesamum,607498.00
Uttarakhand,Maize,607472.00
Telangana,Banana,602619.00
Karnataka,Urad,602156.20
Kerala,Dry ginger,601093.82
Karnataka,Grapes,591986.00
Uttar Pradesh,Moong(Green Gram),586910.80
Chhattisgarh,Groundnut,585074.00
Tamil Nadu,Small millets,584853.00
Arunachal Pradesh,Potato,578571.00
Goa,Sugarcane,570984.00
Jharkhand,Wheat,569101.30
Uttar Pradesh,Oilseeds total,563081.00
Uttar Pradesh,Sesamum,558205.70
Haryana,Maize,556200.00
Tamil Nadu,Horse-gram,546434.00
West Bengal,Gram,544573.00
Andhra Pradesh,Lemon,540994.00
West Bengal,Khesari,540123.00
Uttarakhand,Other Cereals & Millets,521427.00
Maharashtra,Other  Rabi pulses,519812.00
Andhra Pradesh,Cashewnut,519165.00
Assam,Ginger,518074.00
Tripura,Potato,513785.00
Tamil Nadu,Tomato,509939.00
Manipur,Banana,509781.00
Assam,Sweet potato,501309.00
Tamil Nadu,Cashewnut,500823.00
Bihar,Other  Rabi pulses,500448.00
Meghalaya,Maize,498875.00
Rajasthan,Other Kharif pulses,490843.00
Chhattisgarh,Urad,487022.00
Nagaland,Soyabean,484190.00
Tamil Nadu,Dry chillies,484071.00
Odisha,Arhar/Tur,479496.00
Telangana,Orange,475841.00
Assam,Mesta,468192.00
Assam,Other  Rabi pulses,459291.00
Andhra Pradesh,Citrus Fruit,456274.00
Dadra and Nagar Haveli,Rice,454865.00
Karnataka,Sweet potato,451284.00
Karnataka,Tomato,447872.00
Odisha,Horse-gram,443839.40
Haryana,Jowar,439690.00
Assam,Dry ginger,431432.00
Chhattisgarh,Onion,428277.00
Gujarat,Other Cereals & Millets,423000.00
Bihar,Linseed,415119.00
Uttarakhand,Onion,406593.00
Andhra Pradesh,Horse-gram,401868.00
Bihar,Sunflower,397208.00
Odisha,Dry chillies,395380.00
Andhra Pradesh,Castor seed,395193.00
Chhattisgarh,Arhar/Tur,394922.00
Maharashtra,Sesamum,393530.00
Uttarakhand,Barley,391260.00
Meghalaya,Tapioca,391255.00
Assam,Maize,389382.00
Madhya Pradesh,Turmeric,388487.02
Arunachal Pradesh,Sugarcane,384639.00
Sikkim,Rice,383136.00
Meghalaya,Mesta,381962.00
Tamil Nadu,Sunflower,375438.00
Maharashtra,Mango,370960.00
Rajasthan,Dry chillies,366881.00
Arunachal Pradesh,Small millets,364265.00
Telangana,Mango,357116.00
Telangana,Tobacco,356278.00
Himachal Pradesh,Barley,352595.00
Andhra Pradesh,Small millets,352309.00
Nagaland,Rapeseed &Mustard,351641.00
Karnataka,Small millets,349189.10
Assam,Onion,348590.00
Telangana,Potato,347817.00
Bihar,Barley,346454.00
Karnataka,Cashewnut,339015.22
Assam,Urad,338637.00
Bihar,Peas & beans (Pulses),338196.00
Haryana,Arhar/Tur,338063.00
Madhya Pradesh,Niger seed,332574.10
Rajasthan,Masoor,331783.00
Maharashtra,Small millets,330700.00
Uttar Pradesh,Other Kharif pulses,330090.00
Odisha,Turmeric,327938.00
Punjab,Moong(Green Gram),326600.00
Madhya Pradesh,Sweet potato,317324.00
Jammu and Kashmir,Rapeseed &Mustard,314539.80
Chhattisgarh,Rapeseed &Mustard,313662.00
Andhra Pradesh,Sesamum,311472.00
Uttar Pradesh,Linseed,311176.00
West Bengal,Turmeric,304953.00
Telangana,Tomato,302641.00
Assam,Tapioca,297797.00
Gujarat,Ragi,297700.00
Chhattisgarh,Banana,294156.00
Karnataka,Castor seed,289492.00
Meghalaya,Sweet potato,287042.00
Bihar,Tobacco,284452.00
Nagaland,Tapioca,282500.00
Madhya Pradesh,Khesari,282364.00
Andhra Pradesh,Sapota,280427.00
Bihar,Urad,279730.00
West Bengal,Arecanut,278740.00
Haryana,Guar seed,278379.00
Meghalaya,Arecanut,277737.00
Himachal Pradesh,Sugarcane,273233.10
Karnataka,Citrus Fruit,272754.00
Uttar Pradesh,Sunflower,270548.00
Kerala,Papaya,267675.00
Kerala,Pineapple,263381.00
West Bengal,Tobacco,259815.00
Telangana,Bajra,258264.00
Punjab,Guar seed,254772.00
Bihar,Ragi,254292.00
Andhra Pradesh,Pome Fruit,251433.00
West Bengal,Ragi,251210.00
Odisha,Sesamum,247835.50
Uttar Pradesh,Soyabean,247229.00
Chhattisgarh,Horse-gram,240222.00
Rajasthan,Peas & beans (Pulses),235241.00
Chhattisgarh,Linseed,233844.00
Odisha,Mesta,232260.00
Punjab,Gram,232000.00
Gujarat,Moth,231900.00
Madhya Pradesh,Moong(Green Gram),230549.00
Chhattisgarh,Sweet potato,228837.00
Karnataka,Peas & beans (Pulses),227107.00
Andaman and Nicobar Islands,Rice,223006.06
Assam,Peas & beans (Pulses),220368.00
Rajasthan,Arhar/Tur,216795.00
Andhra Pradesh,Potato,216449.00
Maharashtra,Linseed,215777.00
Tamil Nadu,Sweet potato,215209.00
Uttar Pradesh,Small millets,214220.10
Odisha,Niger seed,212457.90
Odisha,Garlic,211908.00
West Bengal,Dry ginger,209086.00
Maharashtra,Niger seed,203630.00
Assam,Dry chillies,202062.00
Tamil Nadu,Cabbage,201342.00
Andhra Pradesh,Bhindi,199605.00
Gujarat,Other Kharif pulses,198600.00
Uttarakhand,Dry ginger,197586.00
Mizoram,Maize,196048.00
Karnataka,Arcanut (Processed),192831.00
Uttarakhand,Soyabean,191586.00
Telangana,Sesamum,191382.00
Assam,Masoor,183726.00
Chhattisgarh,Niger seed,183667.00
Jharkhand,Ragi,183569.48
Telangana,other oilseeds,182751.00
Telangana,Ragi,182535.00
Assam,Turmeric,180527.00
Jharkhand,Arhar/Tur,179899.13
West Bengal,Peas & beans (Pulses),175643.00
Meghalaya,Pineapple,175004.00
Meghalaya,Total foodgrain,172595.00
Punjab,Arhar/Tur,172500.00
Karnataka,Cowpea(Lobia),170363.00
Andhra Pradesh,Coriander,166376.00
Haryana,Sunflower,165400.00
Meghalaya,Turmeric,164976.00
Odisha,Dry ginger,164858.00
Goa,Other Vegetables,161921.00
Mizoram,Sugarcane,161231.00
Nagaland,Small millets,160560.00
Karnataka,Brinjal,160512.00
Tamil Nadu,Brinjal,160400.00
Andhra Pradesh,Sweet potato,158666.00
West Bengal,Moong(Green Gram),158258.00
Gujarat,Dry chillies,157200.00
Manipur,Pineapple,155469.00
Puducherry,Tapioca,154583.00
Tamil Nadu,Dry ginger,151871.00
Himachal Pradesh,Peas & beans (Pulses),150392.00
Goa,Cashewnut,148291.00
Uttar Pradesh,Dry chillies,144325.00
Telangana,Wheat,142819.00
West Bengal,Sunflower,141790.00
Maharashtra,Other Cereals & Millets,140900.00
Rajasthan,Other  Rabi pulses,140620.00
Assam,Sesamum,140230.00
Puducherry,Banana,138800.00
Gujarat,Soyabean,137900.00
Uttarakhand,Rapeseed &Mustard,137325.00
Nagaland,Jute,136480.00
Kerala,Cardamom,136342.00
Punjab,Groundnut,135700.00
Manipur,Sugarcane,134912.00
Uttarakhand,Other Kharif pulses,133521.00
Bihar,Horse-gram,132808.00
Manipur,Potato,131800.00
Kerala,Coffee,130012.00
Jammu and Kashmir,Potato,126900.90
Meghalaya,Cotton(lint),126771.00
Nagaland,Peas & beans (Pulses),126410.00
Odisha,Cotton(lint),126120.00
Nagaland,Ginger,124390.00
Kerala,Turmeric,124363.93
Himachal Pradesh,Dry ginger,123864.00
Haryana,Other Fresh Fruits,121500.00
Kerala,Tea,121079.30
Odisha,Wheat,120656.70
Tamil Nadu,Other Kharif pulses,120367.00
Kerala,Sweet potato,119231.00
Karnataka,Tapioca,119219.00
Punjab,Peas & beans (Pulses),118920.00
Tamil Nadu,Tobacco,118544.00
Dadra and Nagar Haveli,Coconut,117288.00
West Bengal,Cotton(lint),117142.00
Telangana,Dry ginger,117108.00
Gujarat,Other  Rabi pulses,116300.00
Madhya Pradesh,Dry ginger,112375.10
Tripura,Jute & mesta,112315.00
Andhra Pradesh,Korra,111383.00
Nagaland,Wheat,110810.00
Karnataka,Niger seed,110614.00
Uttarakhand,Pulses total,109090.00
Uttarakhand,Urad,109018.00
West Bengal,Sannhamp,107961.00
Tamil Nadu,Pome Fruit,107687.00
Uttarakhand,Ginger,107193.00
Sikkim,Wheat,106540.00
Uttarakhand,Masoor,106339.00
Punjab,Sesamum,105660.00
Sikkim,Other Vegetables,103620.00
Odisha,Gram,102881.00
Arunachal Pradesh,Wheat,102145.00
Uttarakhand,Horse-gram,99373.00
Meghalaya,Rapeseed &Mustard,98955.00
Chhattisgarh,Sesamum,98606.00
Karnataka,Beans & Mutter(Vegetable),98563.00
Meghalaya,Cashewnut,97476.00
Andaman and Nicobar Islands,Banana,97424.65
Tamil Nadu,Grapes,95558.00
Telangana,Brinjal,95447.00
Nagaland,Dry ginger,93320.00
Kerala,Garlic,92255.00
Sikkim,Total foodgrain,92247.00
Manipur,Maize,91133.00
Karnataka,Other  Rabi pulses,90921.00
Jharkhand,Onion,90533.90
Tamil Nadu,Coriander,90385.10
Chhattisgarh,Jowar,90048.00
Goa,Other Fresh Fruits,89643.00
Maharashtra,Tomato,89065.00
Nagaland,Niger seed,88690.00
Odisha,Small millets,88648.00
Telangana,Masoor,88615.00
Haryana,Moong(Green Gram),88367.00
Assam,Arhar/Tur,87741.00
Tripura,Mesta,87516.00
Telangana,Safflower,86940.00
Odisha,Rapeseed &Mustard,86535.10
Karnataka,Garlic,86394.00
Tamil Nadu,Arecanut,86296.00
Nagaland,Linseed,85490.00
Odisha,Other  Rabi pulses,83729.00
Madhya Pradesh,Sannhamp,83654.00
Bihar,Jowar,83110.00
Jharkhand,Sugarcane,82173.01
Assam,Niger seed,80375.00
Assam,Linseed,79976.00
Tamil Nadu,Samai,79535.00
Odisha,Sannhamp,79340.00
Madhya Pradesh,Horse-gram,79333.00
Goa,Groundnut,78415.00
Chhattisgarh,Masoor,78315.00
Haryana,Other  Rabi pulses,78000.00
Tamil Nadu,Bhindi,77769.00
Chhattisgarh,Peas & beans (Pulses),77393.00
Jharkhand,Gram,77253.23
Kerala,Drum Stick,77113.00
Andhra Pradesh,Niger seed,76429.00
Telangana,Horse-gram,75957.00
Punjab,Bajra,75800.00
Tamil Nadu,Other Cereals & Millets,75741.00
Jammu and Kashmir,Bajra,75315.70
Gujarat,other oilseeds,75000.00
Tamil Nadu,Castor seed,74839.53
Bihar,Small millets,74144.00
Tamil Nadu,Gram,73921.00
Andhra Pradesh,Cabbage,72119.00
Maharashtra,Total foodgrain,71618.00
Haryana,Dry chillies,70600.00
Andhra Pradesh,Beans & Mutter(Vegetable),70041.00
Assam,Small millets,69650.00
Meghalaya,Citrus Fruit,69642.00
Nagaland,Oilseeds total,69500.00
Karnataka,Linseed,69247.00
Haryana,Masoor,68174.00
Sikkim,Rapeseed &Mustard,67705.00
Sikkim,Small millets,67141.00
Goa,Other  Rabi pulses,66897.00
Bihar,Other Kharif pulses,66490.00
Andhra Pradesh,Masoor,66427.00
Andhra Pradesh,Pome Granet,66334.00
Kerala,Cashewnut Raw,66087.00
Telangana,Pome Fruit,65452.00
Andhra Pradesh,Samai,64480.00
Tripura,Jute,64223.00
Himachal Pradesh,Small millets,64202.00
Nagaland,Arhar/Tur,63677.00
Rajasthan,Small millets,63334.40
Uttarakhand,Peas & beans (Pulses),62965.00
Assam,Moong(Green Gram),62473.00
Nagaland,Other  Rabi pulses,62410.00
West Bengal,Barley,62195.00
Telangana,Papaya,61959.00
Chhattisgarh,Moong(Green Gram),61946.00
Tamil Nadu,Pineapple,61431.00
Haryana,Other Kharif pulses,61200.00
Sikkim,Potato,60460.00
Andhra Pradesh,Other Fresh Fruits,60327.00
Kerala,Cotton(lint),59982.00
Arunachal Pradesh,Dry chillies,59559.00
Telangana,Grapes,59249.00
West Bengal,Niger seed,58939.00
Sikkim,Soyabean,58430.00
Chhattisgarh,Dry chillies,57822.00
Punjab,Sunflower,57700.00
Tamil Nadu,Jack Fruit,57026.00
Uttar Pradesh,Turmeric,56666.00
Karnataka,Other Fresh Fruits,56441.00
Punjab,Masoor,55939.00
Punjab,Urad,55210.00
Puducherry,Paddy,55021.00
Kerala,Potato,54534.00
Odisha,Castor seed,53560.00
Jammu and Kashmir,Barley,53480.40
Andhra Pradesh,Rapeseed &Mustard,53480.00
Goa,Banana,53190.00
Manipur,Dry chillies,52822.00
Telangana,Citrus Fruit,52817.00
Karnataka,Pome Fruit,52741.00
Maharashtra,Castor seed,52123.70
Bihar,Sannhamp,52122.56
Bihar,Bajra,51189.00
Manipur,Other Fresh Fruits,51089.00
Tamil Nadu,Garlic,50749.00
Odisha,Other Kharif pulses,50621.00
Tripura,Maize,50540.00
Sikkim,Urad,50114.00
Odisha,Coriander,49907.00
Nagaland,Colocosia,49840.00
Himachal Pradesh,Urad,49390.00
Telangana,Ginger,49294.00
Sikkim,Other Kharif pulses,49095.00
Nagaland,Sesamum,48840.00
Rajasthan,Linseed,48162.00
Andaman and Nicobar Islands,Arecanut,48035.81
Dadra and Nagar Haveli,Other  Rabi pulses,47987.00
Odisha,Linseed,47699.00
Nagaland,Sweet potato,46990.00
Karnataka,Mesta,46753.00
Nagaland,Other Kharif pulses,46740.00
Himachal Pradesh,Onion,46389.00
Rajasthan,Sweet potato,45534.00
West Bengal,Small millets,45255.00
Jharkhand,Rapeseed &Mustard,44528.11
Himachal Pradesh,Rapeseed &Mustard,43406.00
Tamil Nadu,Varagu,43322.00
Chhattisgarh,Barley,43205.00
Andhra Pradesh,Other Kharif pulses,42719.00
Meghalaya,Wheat,42192.00
Maharashtra,Rapeseed &Mustard,41722.50
West Bengal,Linseed,41598.00
Assam,Black pepper,41063.00
Madhya Pradesh,Papaya,40761.00
Jammu and Kashmir,Urad,40753.30
Bihar,Dry chillies,40508.00
Odisha,Jowar,40401.00
Gujarat,Small millets,40300.00
Nagaland,Barley,39740.00
Chhattisgarh,Garlic,39687.00
Bihar,Garlic,39513.00
Chandigarh,Wheat,39465.00
Bihar,Sesamum,39188.00
Andhra Pradesh,Other  Rabi pulses,38821.00
Arunachal Pradesh,Rapeseed &Mustard,38730.00
Manipur,Cabbage,37958.00
Arunachal Pradesh,Turmeric,37605.00
West Bengal,Arhar/Tur,37483.00
Meghalaya,Small millets,37446.00
Haryana,Garlic,37400.00
Chhattisgarh,Mesta,35907.00
Andhra Pradesh,Cowpea(Lobia),35527.00
Arunachal Pradesh,Pulses total,35498.00
Nagaland,Sunflower,35130.00
Andhra Pradesh,Dry ginger,34838.00
Telangana,Cashewnut,34572.00
Telangana,Bhindi,34510.00
Chhattisgarh,Ragi,34285.00
Bihar,Turmeric,34168.00
West Bengal,Garlic,33728.00
Karnataka,Coriander,33380.00
Telangana,Coriander,32973.00
Manipur,Dry ginger,32580.00
Karnataka,Cashewnut Raw,32375.00
Kerala,Groundnut,31179.00
Dadra and Nagar Haveli,Ragi,31087.00
Odisha,Sunflower,30965.00
Uttar Pradesh,Cotton(lint),30768.00
Andaman and Nicobar Islands,Sugarcane,30638.67
Uttar Pradesh,Coriander,30592.00
Jammu and Kashmir,Other Vegetables,29895.00
Nagaland,Groundnut,29780.00
West Bengal,Horse-gram,28186.00
Chhattisgarh,Dry ginger,28148.00
Andhra Pradesh,Grapes,27734.00
Telangana,Other  Rabi pulses,27573.00
Mizoram,Other Kharif pulses,26841.00
Tripura,Wheat,26804.00
Chhattisgarh,Other Kharif pulses,26764.00
Telangana,Cowpea(Lobia),26550.00
Uttar Pradesh,Dry ginger,24611.00
Telangana,Beans & Mutter(Vegetable),24236.00
Nagaland,Bajra,24230.00
Karnataka,Rapeseed &Mustard,23823.10
Puducherry,Groundnut,23511.00
Karnataka,Cardamom,23351.00
Manipur,Peas & beans (Pulses),23331.00
Tripura,Cotton(lint),23125.00
Assam,Blackgram,23058.00
Andhra Pradesh,Soyabean,23028.00
Uttarakhand,Arhar/Tur,22438.00
Tripura,Rapeseed &Mustard,22235.00
Uttarakhand,Groundnut,22188.00
Haryana,Groundnut,21971.00
Sikkim,Other Cereals & Millets,21957.00
Manipur,Papaya,21940.00
Chhattisgarh,Sunflower,21907.00
Uttar Pradesh,Guar seed,21818.00
Meghalaya,Dry chillies,21653.00
Uttarakhand,Turmeric,21601.00
Assam,Gram,21325.00
Meghalaya,Soyabean,21226.00
Mizoram,Potato,21163.00
Nagaland,Jowar,20840.00
Jharkhand,Masoor,20718.32
Uttarakhand,Moong(Green Gram),20294.00
Himachal Pradesh,Other Kharif pulses,20185.00
Puducherry,Mango,20167.00
Mizoram,Other  Rabi pulses,20074.00
Dadra and Nagar Haveli,Arhar/Tur,20068.00
Haryana,Peas & beans (Pulses),19624.00
Uttarakhand,Garlic,19372.00
Jammu and Kashmir,Sesamum,19269.30
Mizoram,Sesamum,19264.00
Meghalaya,Other  Rabi pulses,19256.00
Odisha,Tobacco,19067.00
Tripura,Oilseeds total,18800.00
Bihar,Blackgram,18601.00
Nagaland,Rajmash Kholar,18590.00
Odisha,Masoor,18570.00
Manipur,Cauliflower,18433.00
Haryana,Sesamum,18379.00
Telangana,Mesta,18377.00
Sikkim,Barley,18198.00
Sikkim,Other Fresh Fruits,18190.00
Nagaland,Masoor,18110.00
Meghalaya,Sesamum,18024.00
Goa,Mango,17831.00
Mizoram,other oilseeds,17738.00
Tripura,Other Kharif pulses,17732.00
Manipur,Beans & Mutter(Vegetable),17643.00
Himachal Pradesh,Garlic,17590.00
Dadra and Nagar Haveli,Wheat,17134.00
Himachal Pradesh,Sesamum,16966.00
Haryana,Sweet potato,16900.00
Tamil Nadu,Citrus Fruit,16843.00
Meghalaya,Peas & beans (Pulses),16790.00
Mizoram,Tapioca,16481.00
Uttarakhand,Linseed,16239.00
Himachal Pradesh,Ginger,15615.00
Nagaland,Moong(Green Gram),15540.00
Mizoram,Soyabean,15240.00
Bihar,Coriander,14971.00
Manipur,Onion,14915.00
Nagaland,Tea,14902.00
Tamil Nadu,Sannhamp,14844.00
Kerala,Jowar,14411.00
Madhya Pradesh,Mesta,14395.00
Uttar Pradesh,Sannhamp,14349.00
Madhya Pradesh,Sunflower,14152.15
Chhattisgarh,Coriander,14081.00
Nagaland,Mesta,14070.00
Chandigarh,Potato,13795.00
Telangana,Other Kharif pulses,13718.00
Himachal Pradesh,Ragi,13608.00
Meghalaya,Arhar/Tur,13502.00
Tripura,Arhar/Tur,13326.00
Andaman and Nicobar Islands,Dry ginger,12675.60
Tripura,Sesamum,12652.00
Rajasthan,Tobacco,12541.00
Telangana,Sweet potato,12512.00
Madhya Pradesh,Castor seed,12421.22
Assam,Cotton(lint),12341.00
Chhattisgarh,Turmeric,12288.00
Odisha,Bajra,12119.00
Puducherry,Urad,12012.00
Puducherry,Cotton(lint),11890.00
Haryana,Mango,11767.00
Dadra and Nagar Haveli,Other Kharif pulses,11739.00
Telangana,Small millets,11719.00
Haryana,Urad,11318.00
Manipur,Citrus Fruit,11237.00
Mizoram,Rapeseed &Mustard,11187.00
Goa,Pineapple,10985.00
Himachal Pradesh,Horse-gram,10770.00
Jammu and Kashmir,Gram,10681.10
Andhra Pradesh,Wheat,10595.00
Tripura,Urad,10455.00
Nagaland,Gram,10350.00
Manipur,Other Kharif pulses,10316.00
Chhattisgarh,Papaya,10187.00
Kerala,Ragi,10183.00
Meghalaya,Gram,10179.00
Bihar,Dry ginger,10142.00
Himachal Pradesh,Gram,10114.00
Haryana,Castor seed,10106.00
Tripura,Other  Rabi pulses,9806.00
Chhattisgarh,Sannhamp,9775.00
Assam,Castor seed,9727.00
Jammu and Kashmir,Peas & beans (Pulses),9693.30
Himachal Pradesh,Soyabean,9319.00
Tripura,Groundnut,9315.00
Tamil Nadu,Orange,9314.00
Meghalaya,Tobacco,9201.00
Andhra Pradesh,Safflower,8994.00
Dadra and Nagar Haveli,Urad,8977.00
West Bengal,Other Kharif pulses,8948.00
Manipur,Tomato,8938.00
Mizoram,Cotton(lint),8868.00
Meghalaya,Papaya,8760.00
Puducherry,Moong(Green Gram),8747.00
Tripura,Peas & beans (Pulses),8711.00
West Bengal,Safflower,8709.00
Telangana,Korra,8690.00
Madhya Pradesh,Jute,8650.00
Rajasthan,Sannhamp,8546.00
Uttarakhand,Gram,8542.00
Haryana,Moth,8522.00
Telangana,Linseed,8496.00
Maharashtra,Pulses total,8439.00
Tamil Nadu,Black pepper,8272.00
Chhattisgarh,Other  Rabi pulses,8224.00
Maharashtra,other oilseeds,8200.00
Karnataka,Cashewnut Processed,8121.00
West Bengal,Jowar,8090.00
Andaman and Nicobar Islands,Tapioca,7937.00
Dadra and Nagar Haveli,Jowar,7771.00
Meghalaya,Kapas,7684.00
Puducherry,Brinjal,7684.00
Bihar,Groundnut,7544.00
Jammu and Kashmir,Other Kharif pulses,7533.20
Uttarakhand,other oilseeds,7417.00
Jammu and Kashmir,Onion,7413.30
Uttarakhand,Lentil,7352.00
Telangana,Rapeseed &Mustard,7190.00
Sikkim,Oilseeds total,7040.00
West Bengal,Soyabean,7009.00
Rajasthan,Dry ginger,6960.00
Nagaland,Cotton(lint),6830.00
Assam,other misc. pulses,6672.00
Arunachal Pradesh,Soyabean,6465.00
Odisha,Safflower,6422.00
Andhra Pradesh,Varagu,6355.00
Assam,Tobacco,6355.00
Uttarakhand,Sesamum,6344.00
Punjab,Other  Rabi pulses,6300.00
Nagaland,Bean,6240.00
Jharkhand,Barley,5790.52
Goa,Arecanut,5790.00
Jammu and Kashmir,Moong(Green Gram),5773.80
Tripura,Masoor,5614.00
West Bengal,Cardamom,5611.70
Sikkim,Pulses total,5595.00
Tripura,Moong(Green Gram),5563.00
Kerala,Sesamum,5527.36
Nagaland,Ricebean (nagadal),5230.00
Kerala,Arhar/Tur,5224.00
Manipur,Bhindi,5180.00
Manipur,Sesamum,5130.00
Manipur,Orange,5097.00
Jammu and Kashmir,Sugarcane,4968.70
Uttarakhand,Tobacco,4960.00
Meghalaya,Pulses total,4952.00
Dadra and Nagar Haveli,Banana,4808.00
Tamil Nadu,Cardamom,4748.00
Rajasthan,Turmeric,4743.00
Meghalaya,Cowpea(Lobia),4668.00
Meghalaya,Black pepper,4510.00
Jammu and Kashmir,Small millets,4468.00
Goa,Ragi,4432.58
Uttar Pradesh,Ginger,4354.00
Meghalaya,Sugarcane,4286.00
Chandigarh,Maize,4225.00
Jammu and Kashmir,Jowar,4062.90
Himachal Pradesh,Linseed,4060.00
Nagaland,Turmeric,4050.00
Manipur,Carrot,4044.00
Bihar,Safflower,4032.00
Manipur,Pome Fruit,4027.00
Nagaland,Dry chillies,4020.00
Andaman and Nicobar Islands,Dry chillies,4018.30
Manipur,Sweet potato,4000.00
Manipur,Rapeseed &Mustard,3980.00
Karnataka,Papaya,3951.00
Maharashtra,Tobacco,3900.00
Haryana,Grapes,3893.00
Chandigarh,Rice,3853.00
Andhra Pradesh,Arecanut,3784.00
Manipur,Redish,3706.00
Tamil Nadu,Korra,3640.00
Kerala,Tobacco,3616.00
Mizoram,Tobacco,3560.00
Tripura,other oilseeds,3520.00
Manipur,Other Vegetables,3471.00
Meghalaya,Masoor,3451.00
Telangana,Garlic,3450.00
Haryana,Horse-gram,3436.00
Nagaland,Lentil,3410.00
Himachal Pradesh,Masoor,3329.00
Dadra and Nagar Haveli,Small millets,3289.00
Bihar,Castor seed,3137.00
Manipur,Jack Fruit,3087.00
Andaman and Nicobar Islands,Sweet potato,3065.35
Jammu and Kashmir,Dry chillies,3045.90
Puducherry,Bajra,3040.00
Manipur,Brinjal,3030.00
Andhra Pradesh,Ginger,3003.00
Chhattisgarh,Safflower,2982.00
Puducherry,Ragi,2904.00
Manipur,Tapioca,2858.00
Nagaland,Castor seed,2810.00
Manipur,Soyabean,2717.00
Tamil Nadu,Mesta,2657.00
Punjab,Linseed,2600.00
Sikkim,Other  Rabi pulses,2546.00
Nagaland,Urad,2470.00
Dadra and Nagar Haveli,Gram,2397.00
Dadra and Nagar Haveli,Niger seed,2378.00
Madhya Pradesh,Ragi,2371.80
Uttar Pradesh,Ragi,2369.00
Nagaland,Blackgram,2280.00
Jammu and Kashmir,Cond-spcs other,2260.40
Telangana,Other Fresh Fruits,2253.00
Chhattisgarh,Cotton(lint),2181.00
Madhya Pradesh,Cowpea(Lobia),2110.00
Jammu and Kashmir,Moth,2069.00
Manipur,Mango,2025.00
Haryana,Coriander,2007.00
Uttarakhand,Dry chillies,2000.00
Kerala,Other Cereals & Millets,1989.00
Telangana,Niger seed,1985.00
Karnataka,Sannhamp,1934.00
Chandigarh,Onion,1884.00
Manipur,Turmeric,1884.00
Haryana,Sannhamp,1829.00
Punjab,Moth,1800.00
Himachal Pradesh,Dry chillies,1788.00
Jammu and Kashmir,Garlic,1776.80
Mizoram,Peas & beans (Pulses),1775.94
Nagaland,Ragi,1700.00
Nagaland,Cardamom,1690.00
Andaman and Nicobar Islands,Cashewnut,1684.79
Tamil Nadu,Rapeseed &Mustard,1653.10
West Bengal,Bajra,1612.00
Telangana,other misc. pulses,1606.00
Madhya Pradesh,Safflower,1593.48
Andaman and Nicobar Islands,Turmeric,1593.03
Nagaland,Horse-gram,1580.00
Arunachal Pradesh,Sesamum,1568.00
Puducherry,Sesamum,1537.00
Puducherry,Cashewnut,1534.00
Goa,Other Kharif pulses,1485.00
Puducherry,Rapeseed &Mustard,1465.00
Puducherry,Onion,1459.00
Andhra Pradesh,Linseed,1458.00
Andhra Pradesh,other misc. pulses,1426.00
Nagaland,Cowpea(Lobia),1420.00
Nagaland,Perilla,1410.00
Uttarakhand,Sunflower,1380.00
Meghalaya,Oilseeds total,1344.00
Himachal Pradesh,Moong(Green Gram),1324.00
Tripura,Gram,1323.00
Himachal Pradesh,Bajra,1293.00
Jammu and Kashmir,Linseed,1268.50
Uttarakhand,Sannhamp,1262.00
Mizoram,Arhar/Tur,1260.00
Arunachal Pradesh,Groundnut,1202.00
Nagaland,Jobster,1180.00
Telangana,Samai,1160.00
Meghalaya,Garlic,1139.00
Dadra and Nagar Haveli,Maize,1100.00
Goa,Black pepper,1090.00
Kerala,Small millets,1077.00
Puducherry,Arecanut,1050.00
Himachal Pradesh,Groundnut,1004.30
Rajasthan,Sunflower,973.00
Haryana,Turmeric,965.00
Jammu and Kashmir,Other  Rabi pulses,950.40
Uttarakhand,Other  Rabi pulses,892.00
Jammu and Kashmir,Beans & Mutter(Vegetable),876.00
Mizoram,Kapas,856.00
West Bengal,Castor seed,828.00
Madhya Pradesh,Tobacco,814.02
Chhattisgarh,Bajra,733.00
Puducherry,Other Cereals & Millets,729.00
Andaman and Nicobar Islands,Black pepper,724.50
Puducherry,Other  Rabi pulses,698.00
Uttar Pradesh,Moth,692.50
Jammu and Kashmir,Sannhamp,684.60
West Bengal,Other  Rabi pulses,674.00
Kerala,Jack Fruit,661.00
Andaman and Nicobar Islands,Other Kharif pulses,649.00
Himachal Pradesh,Turmeric,646.00
Bihar,Niger seed,615.00
Jammu and Kashmir,Horse-gram,600.00
Kerala,Dry chillies,598.00
Manipur,Bottle Gourd,598.00
Himachal Pradesh,Arhar/Tur,591.00
Andaman and Nicobar Islands,Moong(Green Gram),575.50
Dadra and Nagar Haveli,Sannhamp,523.00
Meghalaya,Linseed,522.00
Chandigarh,Rapeseed &Mustard,521.00
Telangana,Tapioca,518.00
Himachal Pradesh,Coriander,495.00
Bihar,Cotton(lint),488.00
Andaman and Nicobar Islands,Urad,475.00
Chhattisgarh,Castor seed,459.00
Puducherry,Dry ginger,456.00
Himachal Pradesh,Other  Rabi pulses,432.00
Arunachal Pradesh,Sunflower,425.00
Jammu and Kashmir,other oilseeds,413.50
Punjab,Jowar,400.00
Rajasthan,Papaya,400.00
Mizoram,Moong(Green Gram),397.90
Meghalaya,Castor seed,370.00
Andaman and Nicobar Islands,Maize,367.62
Puducherry,Dry chillies,367.00
Jammu and Kashmir,Turnip,363.00
Manipur,Bitter Gourd,353.00
Mizoram,Groundnut,329.00
Jammu and Kashmir,Masoor,309.70
Meghalaya,Coriander,306.00
Jammu and Kashmir,Other Cereals & Millets,302.70
Rajasthan,Tapioca,264.00
Manipur,Cotton(lint),260.00
Andaman and Nicobar Islands,other oilseeds,248.31
Jammu and Kashmir,Redish,230.00
Chhattisgarh,Tobacco,227.00
Manipur,Cashewnut,223.00
Mizoram,Urad,219.66
Jammu and Kashmir,Dry ginger,209.70
Dadra and Nagar Haveli,Groundnut,205.00
Uttarakhand,Moth,205.00
Haryana,Dry ginger,200.00
Dadra and Nagar Haveli,Sesamum,194.00
Mizoram,Masoor,187.33
Sikkim,other oilseeds,174.00
Himachal Pradesh,Cotton(lint),158.00
Uttarakhand,Bajra,157.00
Kerala,Maize,155.00
Puducherry,Sweet potato,154.00
Puducherry,Other Kharif pulses,117.00
Tamil Nadu,Wheat,110.00
Jammu and Kashmir,Cotton(lint),109.60
Uttar Pradesh,Jute,105.00
Uttar Pradesh,Castor seed,104.20
Andaman and Nicobar Islands,Arhar/Tur,104.00
Puducherry,Black pepper,103.00
Mizoram,Wheat,101.00
Himachal Pradesh,Jowar,89.20
Chandigarh,Arhar/Tur,88.00
Himachal Pradesh,Moth,84.00
Himachal Pradesh,Tobacco,84.00
Manipur,Jute,80.00
Himachal Pradesh,Sannhamp,77.00
Jammu and Kashmir,Turmeric,61.50
Jammu and Kashmir,Groundnut,60.60
Dadra and Nagar Haveli,Rapeseed &Mustard,56.00
Chandigarh,Urad,51.00
Manipur,Rubber,50.00
Puducherry,Jowar,48.00
Puducherry,Turmeric,47.00
Mizoram,Gram,43.00
Mizoram,Coconut,40.00
Jammu and Kashmir,Tobacco,35.00
Rajasthan,Mesta,35.00
Chandigarh,Masoor,32.50
Mizoram,Sunflower,31.00
Chandigarh,Sunflower,28.00
West Bengal,Moth,27.00
Andhra Pradesh,Garlic,23.00
Jammu and Kashmir,Carrot,22.00
Chhattisgarh,Guar seed,21.00
Kerala,Soyabean,20.40
Manipur,Arhar/Tur,20.00
Madhya Pradesh,Brinjal,19.00
Puducherry,Coriander,18.00
Puducherry,Small millets,17.00
Telangana,Varagu,17.00
Andaman and Nicobar Islands,Groundnut,14.40
Kerala,Bhindi,13.00
Jammu and Kashmir,Arhar/Tur,12.10
Odisha,Soyabean,10.00
Tamil Nadu,Drum Stick,8.00
Chandigarh,Gram,7.00
Chandigarh,Moong(Green Gram),7.00
Puducherry,Sunflower,7.00
Dadra and Nagar Haveli,Sunflower,6.00
Tamil Nadu,Other Vegetables,5.00
Dadra and Nagar Haveli,Coriander,4.00
Kerala,Wheat,3.00
Jammu and Kashmir,Ginger,2.70
Andaman and Nicobar Islands,Sunflower,2.40
Manipur,Kapas,2.00
Uttarakhand,Jowar,2.00
Jammu and Kashmir,Coriander,1.10
Madhya Pradesh,other misc. pulses,0.21
Chhattisgarh,other misc. pulses,0.01
Andhra Pradesh,Bottle Gourd,0.00
Andhra Pradesh,Cucumber,0.00
Andhra Pradesh,other fibres,0.00
Andhra Pradesh,Other Vegetables,0.00
Andhra Pradesh,Peas  (vegetable),0.00
Haryana,Banana,0.00
Jammu and Kashmir,Other Fresh Fruits,0.00
Kerala,Bitter Gourd,0.00
Kerala,Brinjal,0.00
Kerala,Other Fresh Fruits,0.00
Kerala,other oilseeds,0.00
Kerala,Other Vegetables,0.00
Kerala,Snak Guard,0.00
Madhya Pradesh,Beans & Mutter(Vegetable),0.00
Madhya Pradesh,Bhindi,0.00
Madhya Pradesh,Cabbage,0.00
Madhya Pradesh,Cashewnut,0.00
Madhya Pradesh,Cauliflower,0.00
Madhya Pradesh,Citrus Fruit,0.00
Madhya Pradesh,Grapes,0.00
Madhya Pradesh,Mango,0.00
Madhya Pradesh,Orange,0.00
Madhya Pradesh,Other Citrus Fruit,0.00
Madhya Pradesh,Other Fresh Fruits,0.00
Madhya Pradesh,Other Vegetables,0.00
Madhya Pradesh,Pome Fruit,0.00
Madhya Pradesh,Tomato,0.00
Madhya Pradesh,Water Melon,0.00
Rajasthan,Banana,0.00
Rajasthan,Citrus Fruit,0.00
Rajasthan,Grapes,0.00
Rajasthan,Mango,0.00
Rajasthan,Oilseeds total,0.00
Rajasthan,Orange,0.00
Rajasthan,other fibres,0.00
Rajasthan,Other Fresh Fruits,0.00
Rajasthan,Other Vegetables,0.00
Rajasthan,Pome Fruit,0.00
Rajasthan,Water Melon,0.00
Tamil Nadu,Apple,0.00
Tamil Nadu,Ash Gourd,0.00
Tamil Nadu,Beans & Mutter(Vegetable),0.00
Tamil Nadu,Beet Root,0.00
Tamil Nadu,Ber,0.00
Tamil Nadu,Bitter Gourd,0.00
Tamil Nadu,Bottle Gourd,0.00
Tamil Nadu,Carrot,0.00
Tamil Nadu,Cauliflower,0.00
Tamil Nadu,Cucumber,0.00
Tamil Nadu,Lab-Lab,0.00
Tamil Nadu,Litchi,0.00
Tamil Nadu,Other Citrus Fruit,0.00
Tamil Nadu,Other Fresh Fruits,0.00
Tamil Nadu,Papaya,0.00
Tamil Nadu,Peach,0.00
Tamil Nadu,Pear,0.00
Tamil Nadu,Plums,0.00
Tamil Nadu,Pome Granet,0.00
Tamil Nadu,Pump Kin,0.00
Tamil Nadu,Redish,0.00
Tamil Nadu,Ribed Guard,0.00
Tamil Nadu,Snak Guard,0.00
Tamil Nadu,Turnip,0.00
Tamil Nadu,Water Melon,0.00
Tamil Nadu,Yam,0.00
Telangana,Bottle Gourd,0.00
Telangana,Cabbage,0.00
Telangana,Cucumber,0.00
Telangana,Other Dry Fruit,0.00
Telangana,other fibres,0.00
Telangana,Other Vegetables,0.00
Telangana,Peas  (vegetable),0.00
