Season,State_Name,Crop,Production
Whole Year,Kerala,Coconut,97803036000.00
Whole Year,Andhra Pradesh,Coconut,16806002260.00
Whole Year,Tamil Nadu,Coconut,10937742655.00
Whole Year,Assam,Coconut,1954408105.00
Kharif,Uttar Pradesh,Sugarcane,1408297270.00
Whole Year,Tamil Nadu,Sugarcane,847496816.00
Whole Year,Uttar Pradesh,Sugarcane,794577620.00
Whole Year,West Bengal,Coconut,717841216.00
Whole Year,Andaman and Nicobar Islands,Coconut,717790000.00
Whole Year,Maharashtra,Sugarcane,641862599.00
Whole Year,Karnataka,Sugarcane,515845482.00
Whole Year,Goa,Coconut,503112559.00
Rabi,Uttar Pradesh,Wheat,469911750.00
Whole Year,Puducherry,Coconut,379139000.00
Kharif,Maharashtra,Sugarcane,296623366.00
Rabi,Punjab,Wheat,276946000.00
Kharif,Uttar Pradesh,Rice,218214182.00
Whole Year,Gujarat,Sugarcane,212022800.00
Whole Year,Andhra Pradesh,Sugarcane,181697887.00
Kharif,Punjab,Rice,179702000.00
Winter,West Bengal,Rice,169211041.00
Rabi,Haryana,Wheat,158647000.00
Kharif,West Bengal,Jute,147825671.00
Rabi,Madhya Pradesh,Wheat,138288478.00
Rabi,Uttar Pradesh,Potato,129602135.00
Whole Year,Haryana,Sugarcane,112680900.00
Whole Year,Bihar,Sugarcane,106227183.00
Whole Year,Telangana,Coconut,105663728.00
Rabi,Rajasthan,Wheat,94669124.00
Kharif,Tamil Nadu,Rice,93228936.00
Whole Year,Uttarakhand,Sugarcane,92793771.00
Whole Year,Punjab,Sugarcane,88780000.00
Kharif,Gujarat,Cotton(lint),82597300.00
Kharif,Chhattisgarh,Rice,81498618.00
Rabi,Bihar,Wheat,81020206.00
Winter,Odisha,Rice,80327092.00
Kharif,Andhra Pradesh,Rice,79974717.00
Kharif,Madhya Pradesh,Soyabean,78854933.00
Summer,West Bengal,Rice,77677113.00
Rabi,West Bengal,Potato,71383118.00
Whole Year,West Bengal,Potato,69031359.00
Winter,Bihar,Rice,67845457.00
Kharif,Maharashtra,Cotton(lint),67094749.00
Whole Year,Uttar Pradesh,Potato,62466266.00
Whole Year,Karnataka,Coconut,56767101.29
Whole Year,Tamil Nadu,Banana,55953763.00
Whole Year,Tamil Nadu,Tapioca,55648649.00
Rabi,Andhra Pradesh,Rice,55312154.00
Whole Year,Telangana,Sugarcane,53519868.00
Winter,Assam,Rice,51115739.00
Kharif,Haryana,Rice,49318300.00
Kharif,Karnataka,Rice,48756733.79
Whole Year,Kerala,Tapioca,46113659.30
Kharif,Andhra Pradesh,Sugarcane,45032418.00
Kharif,Rajasthan,Bajra,44172355.00
Kharif,Telangana,Rice,43376442.00
Kharif,Karnataka,Maize,43114931.00
Kharif,Maharashtra,Rice,42068792.00
Rabi,Rajasthan,Rapeseed &Mustard,38817485.00
Rabi,West Bengal,Oilseeds total,38657300.00
Kharif,Maharashtra,Soyabean,38101952.00
Rabi,Gujarat,Wheat,36783800.00
Rabi,Madhya Pradesh,Gram,35812134.00
Whole Year,Madhya Pradesh,Sugarcane,33870810.00
Kharif,Gujarat,Groundnut,33767300.00
Kharif,Telangana,Cotton(lint),31228434.00
Kharif,Uttar Pradesh,Total foodgrain,30587158.00
Kharif,Punjab,Cotton(lint),28325000.00
Kharif,Maharashtra,Jowar,27984582.00
Whole Year,West Bengal,Sugarcane,27538321.00
Rabi,Maharashtra,Jowar,27033994.00
Kharif,Madhya Pradesh,Rice,26267019.00
Rabi,Telangana,Rice,25819234.00
Whole Year,Gujarat,Banana,25402100.00
Kharif,Uttar Pradesh,Bajra,24421607.00
Kharif,Haryana,Cotton(lint),24151700.00
Rabi,Maharashtra,Wheat,22443475.00
Kharif,Karnataka,Ragi,22366250.00
Kharif,Telangana,Maize,22124117.00
Kharif,Madhya Pradesh,Maize,21527963.00
Kharif,Uttar Pradesh,Maize,21509328.00
Kharif,Bihar,Jute,20300657.00
Kharif,Rajasthan,Maize,19133051.00
Autumn,Bihar,Rice,18081245.00
Kharif,Andhra Pradesh,Cotton(lint),17834431.00
Whole Year,Assam,Sugarcane,17558543.00
Kharif,Maharashtra,Maize,17382735.00
Kharif,Odisha,Rice,17299000.00
Whole Year,Gujarat,Potato,17283000.00
Rabi,Karnataka,Jowar,17089992.00
Kharif,Gujarat,Rice,16832700.00
Whole Year,Karnataka,Arecanut,16740994.00
Kharif,Maharashtra,Bajra,16029469.00
Rabi,West Bengal,Wheat,15785272.00
Rabi,Andhra Pradesh,Maize,15433441.00
Summer,Karnataka,Rice,15147134.00
Whole Year,Andhra Pradesh,Banana,15041631.00
Winter,Odisha,Sugarcane,14895683.70
Winter,Assam,Paddy,14380008.00
Winter,West Bengal,Potato,14320762.00
Whole Year,West Bengal,Pulses total,14150679.00
Kharif,Andhra Pradesh,Groundnut,13907262.00
Whole Year,Gujarat,Onion,13725500.00
Summer,Assam,Rice,13677048.00
Kharif,Haryana,Bajra,13502100.00
Whole Year,Bihar,Potato,13095023.00
Rabi,Bihar,Maize,13001996.00
Kharif,Maharashtra,Arhar/Tur,12870087.00
Rabi,Rajasthan,Gram,12672230.00
Kharif,Tamil Nadu,Groundnut,12650403.00
Rabi,Maharashtra,Gram,12334897.00
Kharif,Assam,Jute,11789532.00
Kharif,Gujarat,Castor seed,11763400.00
Rabi,Uttarakhand,Wheat,11632116.00
Summer,Odisha,Rice,11570035.00
Kharif,Karnataka,Cotton(lint),11438392.00
Kharif,Gujarat,Bajra,11303600.00
Rabi,Uttar Pradesh,Rapeseed &Mustard,11259735.00
Autumn,West Bengal,Rice,11204695.00
Whole Year,Assam,Potato,11021521.00
Whole Year,Karnataka,Banana,10986598.00
Rabi,Uttar Pradesh,Gram,10956301.00
Rabi,Haryana,Rapeseed &Mustard,10803800.00
Kharif,Tripura,Rice,10685011.00
Kharif,Rajasthan,Soyabean,10651942.00
Whole Year,Madhya Pradesh,Onion,10511096.00
Whole Year,Assam,Banana,10449137.00
Whole Year,Madhya Pradesh,Potato,10386198.00
Summer,Bihar,Maize,10382896.00
Autumn,Odisha,Rice,10226615.00
Rabi,Madhya Pradesh,Rapeseed &Mustard,10098507.11
Kharif,Madhya Pradesh,Jowar,9978330.00
Kharif,Madhya Pradesh,Cotton(lint),9977003.10
Kharif,Telangana,Sugarcane,9644660.00
Whole Year,Madhya Pradesh,Wheat,8865378.00
Kharif,Gujarat,Maize,8773000.00
Rabi,Uttar Pradesh,Barley,8594791.00
Whole Year,Andhra Pradesh,Rice,8455584.00
Rabi,Telangana,Maize,8435198.00
Kharif,Karnataka,Groundnut,8174496.00
Whole Year,Tamil Nadu,Total foodgrain,8103700.00
Kharif,Uttarakhand,Rice,8101593.00
Kharif,Punjab,Maize,8052000.00
Kharif,Himachal Pradesh,Maize,7813360.00
Whole Year,Kerala,Banana,7655661.99
Rabi,Andhra Pradesh,Gram,7502444.00
Rabi,Rajasthan,Barley,7442917.00
Summer,Gujarat,Bajra,7420800.00
Whole Year,Rajasthan,Guar seed,7400477.00
Autumn,Assam,Rice,7008303.00
Whole Year,Tamil Nadu,Rice,6893730.00
Kharif,Karnataka,Jowar,6865321.00
Kharif,Karnataka,Onion,6859174.00
Whole Year,Rajasthan,Sugarcane,6674677.00
Kharif,Andhra Pradesh,Mesta,6655281.00
Rabi,West Bengal,Rapeseed &Mustard,6448715.00
Whole Year,Madhya Pradesh,Soyabean,6419022.00
Winter,Jharkhand,Rice,6418843.73
Whole Year,Madhya Pradesh,Banana,6405551.00
Kharif,Andhra Pradesh,Dry chillies,6291055.00
Rabi,Uttar Pradesh,Masoor,6229900.00
Kharif,Uttarakhand,Sugarcane,6108965.00
Rabi,Himachal Pradesh,Wheat,6105703.00
Kharif,Karnataka,Arhar/Tur,6038696.00
Kharif,Andhra Pradesh,Mango,5940349.00
Rabi,Karnataka,Gram,5883069.00
Rabi,Gujarat,Rapeseed &Mustard,5844000.00
Kharif,Tamil Nadu,Maize,5660820.00
Kharif,Rajasthan,Cotton(lint),5571377.00
Autumn,Bihar,Maize,5541691.00
Rabi,Uttar Pradesh,Peas & beans (Pulses),5470940.00
Kharif,Uttar Pradesh,Arhar/Tur,5415396.00
Kharif,Rajasthan,Groundnut,5380526.00
Whole Year,Tamil Nadu,Groundnut,5332557.00
Whole Year,Karnataka,Dry ginger,5244235.90
Kharif,Nagaland,Rice,5215480.00
Kharif,Maharashtra,Groundnut,5100159.00
Winter,Kerala,Rice,5057107.72
Kharif,Andhra Pradesh,Onion,4954112.00
Winter,Odisha,Paddy,4938032.00
Rabi,Gujarat,Onion,4768900.00
Whole Year,Karnataka,Onion,4755450.00
Kharif,Jammu and Kashmir,Maize,4753864.00
Whole Year,Maharashtra,Cotton(lint),4691600.00
Rabi,Andhra Pradesh,Groundnut,4478099.00
Rabi,Andhra Pradesh,Urad,4442049.00
Kharif,Uttar Pradesh,Jowar,4374182.00
Kharif,Karnataka,Bajra,4297427.00
Kharif,Maharashtra,Moong(Green Gram),4212475.00
Rabi,Karnataka,Maize,4184680.00
Kharif,Madhya Pradesh,Bajra,4150923.30
Kharif,Jammu and Kashmir,Rice,4116594.40
Summer,Bihar,Rice,4096423.00
Whole Year,Tamil Nadu,Maize,4060117.00
Kharif,Gujarat,Arhar/Tur,4005300.00
Kharif,Madhya Pradesh,Groundnut,3984640.00
Kharif,Madhya Pradesh,Arhar/Tur,3932516.00
Rabi,Karnataka,Wheat,3856245.00
Whole Year,Gujarat,Oilseeds total,3845031.00
Kharif,Maharashtra,Urad,3831797.00
Whole Year,Rajasthan,Onion,3826689.00
Whole Year,Kerala,Sugarcane,3819915.84
Kharif,Rajasthan,Jowar,3719288.00
Rabi,Jammu and Kashmir,Wheat,3690082.00
Rabi,Telangana,Groundnut,3667275.00
Whole Year,Maharashtra,Banana,3634720.00
Whole Year,Haryana,Potato,3621500.00
Kharif,Andhra Pradesh,other oilseeds,3578058.00
Whole Year,Tamil Nadu,Guar seed,3514258.00
Kharif,Karnataka,Paddy,3509039.00
Summer,Assam,Paddy,3493976.00
Whole Year,Tamil Nadu,Onion,3470176.00
Kharif,Manipur,Rice,3468608.00
Kharif,Rajasthan,Moth,3453484.10
Autumn,Kerala,Rice,3442449.33
Rabi,Chhattisgarh,Khesari,3416795.00
Whole Year,Karnataka,Cotton(lint),3356848.00
Rabi,Andhra Pradesh,Jowar,3354891.00
Kharif,Bihar,Maize,3306246.00
Whole Year,Odisha,Sugarcane,3219207.90
Whole Year,Madhya Pradesh,Gram,3218273.00
Rabi,Maharashtra,Maize,3190497.00
Whole Year,Telangana,Turmeric,3187993.00
Kharif,Tamil Nadu,Jowar,3181920.00
Whole Year,Gujarat,Cotton(lint),3180200.00
Rabi,Telangana,Onion,3133266.00
Kharif,Andhra Pradesh,Maize,3093938.00
Kharif,Rajasthan,Moong(Green Gram),3031373.00
Whole Year,Madhya Pradesh,Garlic,2986350.00
Rabi,Chhattisgarh,Gram,2963354.00
Kharif,Uttar Pradesh,Urad,2947674.00
Kharif,Tamil Nadu,Cotton(lint),2922520.00
Whole Year,Bihar,Banana,2884412.00
Kharif,Bihar,Mesta,2842240.00
Summer,Gujarat,Groundnut,2842000.00
Kharif,Telangana,Jowar,2776835.00
Kharif,Tamil Nadu,Banana,2762324.00
Whole Year,Karnataka,Potato,2756348.00
Kharif,Puducherry,Sugarcane,2745083.00
Kharif,Arunachal Pradesh,Rice,2709476.60
Kharif,Telangana,Dry chillies,2704232.00
Rabi,Karnataka,Sunflower,2690404.00
Kharif,Rajasthan,Rice,2684728.00
Whole Year,Andhra Pradesh,Tobacco,2631977.00
Whole Year,Rajasthan,Coriander,2537778.00
Rabi,Assam,Rapeseed &Mustard,2495723.00
Whole Year,Meghalaya,Potato,2482811.00
Kharif,Tamil Nadu,Ragi,2470043.00
Rabi,Bihar,Masoor,2435684.00
Kharif,Karnataka,Sunflower,2411252.10
Whole Year,Gujarat,Garlic,2394300.00
Kharif,Uttarakhand,Ragi,2375091.00
Kharif,Maharashtra,Ragi,2370535.00
Kharif,Chhattisgarh,Maize,2350942.00
Rabi,Karnataka,Groundnut,2341898.00
Rabi,Madhya Pradesh,Masoor,2324658.00
Kharif,Madhya Pradesh,Urad,2320760.00
Whole Year,Andhra Pradesh,Mango,2313570.00
Kharif,Chhattisgarh,Sugarcane,2129180.00
Kharif,Karnataka,Potato,2110067.00
Summer,Kerala,Rice,2093790.53
Whole Year,Tamil Nadu,Turmeric,2078659.00
Autumn,Odisha,Maize,2055749.50
Kharif,Uttar Pradesh,Sweet potato,2031340.00
Kharif,Bihar,Rice,1999797.00
Rabi,Gujarat,Gram,1993000.00
Rabi,Telangana,Jowar,1950420.00
Rabi,Karnataka,Rice,1933205.00
Kharif,Gujarat,Jowar,1903600.00
Whole Year,Kerala,Arecanut,1893641.85
Rabi,Maharashtra,Soyabean,1892400.00
Rabi,Uttar Pradesh,Onion,1888696.00
Kharif,Karnataka,Soyabean,1844638.00
Rabi,Haryana,Barley,1816000.00
Rabi,Maharashtra,Safflower,1810405.00
Rabi,Madhya Pradesh,Other  Rabi pulses,1796635.00
Kharif,Gujarat,Sesamum,1796300.00
Whole Year,Odisha,Sweet potato,1757007.00
Kharif,Telangana,Arhar/Tur,1752232.00
Rabi,Haryana,Gram,1693000.00
Summer,Maharashtra,Groundnut,1674790.00
Rabi,Chhattisgarh,Wheat,1674120.00
Whole Year,Maharashtra,Onion,1663240.00
Whole Year,Kerala,Mango,1650151.00
Kharif,Tamil Nadu,Bajra,1642119.00
Whole Year,Uttarakhand,Total foodgrain,1612965.00
Rabi,Telangana,Gram,1604461.00
Kharif,Nagaland,Maize,1603040.00
Kharif,West Bengal,Mesta,1592173.00
Rabi,Bihar,Rapeseed &Mustard,1589462.00
Kharif,Telangana,Soyabean,1572266.00
Whole Year,Andhra Pradesh,Tapioca,1562565.00
Summer,West Bengal,Sesamum,1542963.00
Whole Year,Bihar,Onion,1538998.00
Kharif,Madhya Pradesh,Paddy,1530500.00
Rabi,Bihar,Khesari,1528910.00
Kharif,Andhra Pradesh,Arhar/Tur,1527520.00
Kharif,Telangana,Moong(Green Gram),1514901.00
Whole Year,Gujarat,Tobacco,1494000.00
Whole Year,Odisha,Onion,1492182.00
Summer,West Bengal,Maize,1488272.00
Rabi,Tamil Nadu,Maize,1480719.00
Rabi,Andhra Pradesh,Onion,1447889.00
Kharif,Andhra Pradesh,Sunflower,1447745.00
Kharif,Himachal Pradesh,Rice,1419350.00
Whole Year,Puducherry,Sugarcane,1406296.00
Kharif,Andhra Pradesh,Tomato,1398383.00
Kharif,Rajasthan,Castor seed,1379645.00
Kharif,Andhra Pradesh,Papaya,1376081.00
Kharif,Uttar Pradesh,Groundnut,1372333.00
Whole Year,Tamil Nadu,Mango,1371865.00
Rabi,Maharashtra,Sunflower,1365192.00
Kharif,Tamil Nadu,Urad,1363708.00
Winter,Meghalaya,Rice,1358737.00
Whole Year,Madhya Pradesh,Rice,1355660.00
Whole Year,Tamil Nadu,Jowar,1354892.00
Summer,Uttar Pradesh,Onion,1336367.00
Kharif,Sikkim,Maize,1323547.00
Kharif,Nagaland,Sugarcane,1307450.00
Kharif,Madhya Pradesh,Small millets,1304466.00
Rabi,Uttar Pradesh,Garlic,1299984.00
Kharif,Karnataka,Moong(Green Gram),1291621.00
Kharif,Assam,Sugarcane,1287451.00
Whole Year,Gujarat,Guar seed,1281800.00
Rabi,Assam,Banana,1275249.00
Kharif,Rajasthan,Sesamum,1274338.00
Kharif,West Bengal,Maize,1270641.00
Rabi,Bihar,Gram,1255222.00
Rabi,Punjab,Barley,1249400.00
Rabi,Telangana,Dry chillies,1226972.00
Autumn,Assam,Paddy,1221893.00
Rabi,Assam,Wheat,1218370.00
Summer,Gujarat,Rice,1209200.00
Whole Year,Uttar Pradesh,Onion,1205944.00
Kharif,Meghalaya,Rice,1203248.00
Rabi,Madhya Pradesh,Barley,1200534.00
Summer,Bihar,Moong(Green Gram),1200433.00
Whole Year,Rajasthan,Garlic,1199097.00
Whole Year,Tamil Nadu,Cotton(lint),1192648.00
Kharif,Andhra Pradesh,Bajra,1192328.00
Rabi,West Bengal,Maize,1186253.00
Kharif,Telangana,Castor seed,1185323.00
Rabi,Uttar Pradesh,Tobacco,1179827.00
Whole Year,Kerala,Rubber,1175267.00
Rabi,Andhra Pradesh,Dry chillies,1168344.00
Kharif,Gujarat,Moong(Green Gram),1157000.00
Kharif,Uttarakhand,Potato,1155930.00
Kharif,Rajasthan,Sugarcane,1154200.00
Whole Year,Andhra Pradesh,Sunflower,1150575.00
Summer,Karnataka,Paddy,1143567.00
Whole Year,Andhra Pradesh,Papaya,1143326.00
Whole Year,Andhra Pradesh,Turmeric,1120998.00
Winter,Dadra and Nagar Haveli,Sugarcane,1115995.00
Kharif,Goa,Rice,1115473.00
Autumn,Jharkhand,Rice,1108568.21
Whole Year,Haryana,Cotton(lint),1107000.00
Summer,West Bengal,Groundnut,1095471.00
Rabi,Karnataka,Horse-gram,1090919.00
Whole Year,Karnataka,Dry chillies,1062822.00
Kharif,Arunachal Pradesh,Maize,1058829.00
Whole Year,Madhya Pradesh,Sesamum,1056149.00
Whole Year,Karnataka,Tobacco,1048160.00
Whole Year,Gujarat,Rice,1042300.00
Winter,Odisha,Potato,1031496.50
Rabi,Assam,Pineapple,1027864.00
Whole Year,Andhra Pradesh,Tomato,1020869.00
Whole Year,Madhya Pradesh,Maize,1018820.00
Kharif,Tamil Nadu,Total foodgrain,1017509.00
Summer,Karnataka,Maize,1009289.00
Kharif,Karnataka,Horse-gram,1007288.00
Whole Year,Karnataka,Turmeric,995598.00
Rabi,Karnataka,Onion,992562.00
Kharif,Telangana,Groundnut,983316.00
Kharif,Karnataka,Other Kharif pulses,976976.18
Whole Year,Maharashtra,Grapes,973173.00
Whole Year,Kerala,Black pepper,971530.11
Rabi,Uttarakhand,Potato,969677.00
Whole Year,Tamil Nadu,Potato,959216.00
Whole Year,Andhra Pradesh,Orange,955677.00
Rabi,Tamil Nadu,Groundnut,950440.00
Kharif,Madhya Pradesh,Other Kharif pulses,949111.00
Whole Year,Kerala,Cashewnut,948395.22
Whole Year,West Bengal,Sesamum,947765.00
Rabi,Andhra Pradesh,Tomato,947277.00
Summer,Maharashtra,Rice,939836.00
Whole Year,Uttar Pradesh,Tobacco,937601.00
Whole Year,Punjab,Cotton(lint),937000.00
Rabi,Andhra Pradesh,Moong(Green Gram),934769.00
Kharif,Gujarat,Urad,933700.00
Whole Year,Karnataka,Atcanut (Raw),927250.00
Kharif,Andhra Pradesh,Jowar,920721.00
Rabi,Madhya Pradesh,Linseed,905985.02
Kharif,Chhattisgarh,Soyabean,905204.00
Kharif,Andhra Pradesh,Ragi,905062.00
Kharif,Mizoram,Rice,900213.00
Whole Year,Nagaland,Sugarcane,897140.00
Rabi,Karnataka,Safflower,891029.00
Rabi,Karnataka,Potato,882904.00
Rabi,Karnataka,Ragi,879154.00
Kharif,Meghalaya,Dry ginger,877024.00
Kharif,Uttarakhand,Total foodgrain,873219.00
Whole Year,Tamil Nadu,Ragi,872915.00
Rabi,Andhra Pradesh,Tobacco,846951.00
Rabi,West Bengal,Masoor,841460.00
Kharif,Karnataka,Dry ginger,832184.00
Whole Year,Tripura,Sugarcane,820546.00
Rabi,Madhya Pradesh,Peas & beans (Pulses),818218.00
Kharif,Bihar,Arhar/Tur,817139.00
Kharif,Karnataka,Dry chillies,815665.00
Autumn,Odisha,Paddy,812852.00
Whole Year,Madhya Pradesh,Rapeseed &Mustard,804849.00
Whole Year,Madhya Pradesh,Dry chillies,804394.01
Rabi,Punjab,Rapeseed &Mustard,791700.00
Whole Year,Rajasthan,Potato,791486.00
Whole Year,Haryana,Onion,789400.00
Whole Year,Madhya Pradesh,Coriander,781843.02
Summer,Odisha,Groundnut,775354.60
Whole Year,Himachal Pradesh,Potato,760686.00
Whole Year,Karnataka,Black pepper,756017.80
Kharif,Assam,Orange,743297.00
Whole Year,Arunachal Pradesh,Dry ginger,739471.00
Whole Year,Assam,Arecanut,735894.00
Rabi,Gujarat,Jowar,722300.00
Kharif,Rajasthan,Urad,717966.00
Whole Year,Karnataka,Mango,714735.00
Whole Year,Bihar,Sweet potato,712906.00
Rabi,Uttar Pradesh,Other  Rabi pulses,705965.00
Whole Year,Arunachal Pradesh,Oilseeds total,705464.00
Winter,Jharkhand,Potato,701773.52
Rabi,Uttarakhand,Total foodgrain,700620.00
Kharif,Uttarakhand,Small millets,690884.00
Kharif,Maharashtra,Other Kharif pulses,687460.00
Whole Year,Uttarakhand,Potato,686114.00
Whole Year,Tamil Nadu,Urad,685364.00
Autumn,West Bengal,Maize,674258.00
Kharif,Telangana,Onion,670841.00
Kharif,Karnataka,Sesamum,664358.00
Whole Year,Haryana,Other Vegetables,664300.00
Rabi,Jharkhand,Potato,663439.14
Kharif,Maharashtra,Sunflower,662472.00
Whole Year,Gujarat,Castor seed,660500.00
Whole Year,Gujarat,Maize,659000.00
Whole Year,West Bengal,Dry chillies,656874.00
Rabi,Andhra Pradesh,Sunflower,650469.00
Kharif,Meghalaya,Jute,650383.00
Kharif,Tamil Nadu,Moong(Green Gram),643762.10
Autumn,Jharkhand,Maize,631550.15
Kharif,Chhattisgarh,Small millets,623629.00
Summer,Odisha,Moong(Green Gram),611139.00
Whole Year,Gujarat,Pulses total,610427.00
Kharif,Uttarakhand,Maize,605469.00
Whole Year,Kerala,Dry ginger,601093.82
Whole Year,Uttarakhand,Rice,600860.00
Kharif,Assam,Papaya,600334.00
Whole Year,Meghalaya,Banana,599763.00
Kharif,West Bengal,Urad,597795.00
Summer,Uttar Pradesh,Banana,597180.00
Whole Year,Karnataka,Grapes,591986.00
Kharif,Chhattisgarh,Groundnut,585074.00
Summer,Uttar Pradesh,Rice,579177.00
Whole Year,Arunachal Pradesh,Potato,578571.00
Rabi,Gujarat,Maize,577000.00
Summer,Uttar Pradesh,Maize,574065.00
Rabi,Gujarat,Tobacco,573600.00
Kharif,Meghalaya,Banana,571499.00
Whole Year,Goa,Sugarcane,570984.00
Rabi,Rajasthan,other oilseeds,569189.00
Rabi,Jharkhand,Wheat,569101.30
Whole Year,Tamil Nadu,Bajra,563452.00
Kharif,Uttar Pradesh,Oilseeds total,563081.00
Whole Year,Uttar Pradesh,Peas & beans (Pulses),560444.00
Kharif,Uttar Pradesh,Sesamum,558205.70
Kharif,Haryana,Maize,556200.00
Rabi,West Bengal,Gram,544573.00
Kharif,Andhra Pradesh,Lemon,540994.00
Kharif,Karnataka,Urad,540808.10
Rabi,West Bengal,Khesari,539616.00
Autumn,Meghalaya,Rice,525139.00
Whole Year,Uttar Pradesh,Sweet potato,524952.00
Rabi,Maharashtra,Other  Rabi pulses,519812.00
Rabi,Assam,Ginger,518074.00
Whole Year,Tripura,Potato,513785.00
Kharif,Uttarakhand,Other Cereals & Millets,512160.00
Whole Year,Tamil Nadu,Tomato,509939.00
Rabi,Karnataka,Cotton(lint),508306.00
Kharif,Tamil Nadu,Pulses total,506325.00
Whole Year,Tamil Nadu,Cashewnut,500823.00
Rabi,Bihar,Other  Rabi pulses,500448.00
Kharif,Telangana,Urad,497925.00
Kharif,Rajasthan,Other Kharif pulses,490843.00
Whole Year,Odisha,Potato,488521.80
Rabi,Bihar,Potato,488043.00
Kharif,Tamil Nadu,Sesamum,486706.00
Kharif,Nagaland,Soyabean,484190.00
Whole Year,Tamil Nadu,Dry chillies,484071.00
Whole Year,Telangana,Banana,483230.00
Kharif,Puducherry,Rice,478841.00
Whole Year,Telangana,Orange,475841.00
Kharif,Gujarat,Tobacco,470800.00
Kharif,Chhattisgarh,Urad,469138.00
Kharif,Telangana,Turmeric,468297.00
Kharif,Assam,Mesta,468192.00
Whole Year,Andhra Pradesh,Brinjal,463200.00
Rabi,Assam,Other  Rabi pulses,459291.00
Whole Year,Manipur,Banana,456661.00
Whole Year,Andhra Pradesh,Citrus Fruit,456274.00
Summer,Odisha,Paddy,453583.00
Kharif,Bihar,Potato,452453.00
Whole Year,Karnataka,Sweet potato,451284.00
Kharif,Tamil Nadu,Small millets,449224.00
Whole Year,Chhattisgarh,Potato,448294.00
Whole Year,Karnataka,Tomato,447872.00
Kharif,Andhra Pradesh,Turmeric,446506.00
Summer,Karnataka,Sunflower,444083.00
Kharif,Odisha,Maize,443033.80
Autumn,Odisha,Jute,441539.90
Kharif,Haryana,Jowar,439690.00
Summer,Karnataka,Groundnut,439526.00
Kharif,Dadra and Nagar Haveli,Rice,434657.00
Whole Year,Assam,Pineapple,433460.00
Kharif,Odisha,Arhar/Tur,433050.00
Whole Year,Assam,Dry ginger,431432.00
Whole Year,Chhattisgarh,Onion,425297.00
Kharif,Tamil Nadu,Onion,421614.00
Kharif,Tamil Nadu,Arhar/Tur,421335.10
Rabi,Bihar,Linseed,415119.00
Kharif,Andhra Pradesh,Tapioca,408920.00
Whole Year,Andhra Pradesh,Cashewnut,408463.00
Summer,Uttar Pradesh,Urad,402522.00
Kharif,Madhya Pradesh,Sesamum,399256.00
Kharif,Andhra Pradesh,Moong(Green Gram),395615.00
Kharif,Chhattisgarh,Arhar/Tur,394922.00
Rabi,Uttarakhand,Barley,391260.00
Whole Year,Telangana,Soyabean,390328.00
Summer,Uttar Pradesh,Moong(Green Gram),389545.00
Kharif,Assam,Maize,389382.00
Whole Year,Madhya Pradesh,Turmeric,388487.02
Kharif,Himachal Pradesh,Potato,388421.00
Whole Year,Assam,Sweet potato,386214.00
Rabi,Nagaland,Potato,385030.00
Kharif,Madhya Pradesh,Barley,384047.00
Kharif,Sikkim,Rice,383136.00
Kharif,Meghalaya,Mesta,381962.00
Kharif,Meghalaya,Maize,379724.00
Summer,Karnataka,Onion,378736.00
Kharif,Maharashtra,Sesamum,377766.00
Autumn,Odisha,Groundnut,376241.70
Whole Year,Maharashtra,Mango,370960.00
Whole Year,Chhattisgarh,Sugarcane,370776.00
Winter,Odisha,Urad,369635.90
Whole Year,Arunachal Pradesh,Sugarcane,368833.00
Rabi,Tamil Nadu,Jowar,368328.00
Whole Year,Rajasthan,Dry chillies,366881.00
Rabi,Chhattisgarh,Potato,366027.00
Kharif,Arunachal Pradesh,Small millets,364265.00
Kharif,Tamil Nadu,Horse-gram,364198.00
Kharif,Odisha,Groundnut,362835.00
Kharif,Andhra Pradesh,Castor seed,362476.00
Whole Year,Telangana,Mango,357116.00
Winter,Odisha,Ragi,352954.90
Rabi,Himachal Pradesh,Barley,352595.00
Whole Year,Telangana,Sunflower,352424.00
Rabi,Nagaland,Rapeseed &Mustard,351641.00
Kharif,Karnataka,Small millets,349189.10
Whole Year,Assam,Onion,348590.00
Rabi,Gujarat,Other Cereals & Millets,347000.00
Rabi,Bihar,Barley,346454.00
Rabi,Andhra Pradesh,Horse-gram,341465.00
Kharif,Andhra Pradesh,Small millets,339477.00
Whole Year,Karnataka,Cashewnut,339015.22
Summer,Uttarakhand,Rice,338933.00
Rabi,Assam,Urad,338637.00
Rabi,Bihar,Peas & beans (Pulses),338196.00
Kharif,Haryana,Arhar/Tur,338063.00
Whole Year,Nagaland,Potato,334650.00
Rabi,Rajasthan,Masoor,331783.00
Kharif,Uttar Pradesh,Other Kharif pulses,330090.00
Whole Year,West Bengal,Groundnut,326497.00
Whole Year,Tamil Nadu,Moong(Green Gram),326204.00
Kharif,Odisha,Ragi,318493.00
Whole Year,Madhya Pradesh,Sweet potato,317324.00
Rabi,Goa,Rice,316771.00
Whole Year,Andhra Pradesh,Onion,316617.00
Rabi,Chhattisgarh,Rapeseed &Mustard,313662.00
Summer,Gujarat,Onion,313600.00
Rabi,Jammu and Kashmir,Rapeseed &Mustard,313214.10
Kharif,Madhya Pradesh,Niger seed,311516.10
Rabi,Uttar Pradesh,Linseed,311176.00
Whole Year,Rajasthan,other oilseeds,309893.00
Kharif,Maharashtra,Small millets,309000.00
Whole Year,Odisha,Dry chillies,307460.00
Whole Year,Telangana,Potato,306748.00
Kharif,Odisha,Jute,305553.00
Whole Year,West Bengal,Turmeric,304953.00
Kharif,Andhra Pradesh,Brinjal,303726.00
Whole Year,Telangana,Tobacco,303267.00
Whole Year,Telangana,Tomato,302641.00
Kharif,Maharashtra,Gram,295900.00
Kharif,Punjab,Moong(Green Gram),294900.00
Whole Year,Chhattisgarh,Banana,294156.00
Rabi,Uttar Pradesh,Maize,293758.00
Whole Year,Madhya Pradesh,Bajra,293506.00
Summer,Karnataka,Ragi,293239.00
Kharif,Odisha,Sweet potato,292450.00
Kharif,Karnataka,Castor seed,289492.00
Kharif,Nagaland,Tapioca,282500.00
Kharif,Telangana,Sunflower,281359.00
Kharif,Andhra Pradesh,Sapota,280427.00
Kharif,Gujarat,Ragi,279800.00
Kharif,Bihar,Urad,279730.00
Whole Year,West Bengal,Arecanut,278740.00
Whole Year,Haryana,Guar seed,278379.00
Rabi,Assam,Arecanut,274629.00
Whole Year,Uttar Pradesh,Garlic,274058.00
Whole Year,Karnataka,Citrus Fruit,272754.00
Whole Year,Madhya Pradesh,Masoor,272042.00
Whole Year,Bihar,Tobacco,269700.00
Summer,Gujarat,Sesamum,268100.00
Whole Year,Kerala,Papaya,267675.00
Whole Year,Odisha,Turmeric,266758.00
Rabi,Puducherry,Rice,265954.00
Winter,Odisha,Horse-gram,264353.30
Whole Year,Kerala,Pineapple,263381.00
Whole Year,Andhra Pradesh,Dry chillies,262156.00
Whole Year,Meghalaya,Arecanut,261176.00
Summer,Maharashtra,Maize,260416.00
Whole Year,West Bengal,Tobacco,259815.00
Winter,Odisha,Moong(Green Gram),258404.00
Rabi,Odisha,Groundnut,256770.00
Rabi,Andhra Pradesh,Ragi,254427.00
Whole Year,Madhya Pradesh,Arhar/Tur,253399.00
Rabi,Tamil Nadu,Urad,251946.00
Whole Year,Andhra Pradesh,Pome Fruit,251433.00
Whole Year,West Bengal,Rapeseed &Mustard,250950.00
Whole Year,Madhya Pradesh,Groundnut,249510.00
Rabi,Andhra Pradesh,Brinjal,248154.00
Kharif,Uttar Pradesh,Soyabean,247229.00
Whole Year,Tamil Nadu,Pulses total,244170.00
Rabi,Madhya Pradesh,Khesari,242246.00
Summer,West Bengal,Potato,241671.00
Summer,Karnataka,Jowar,236441.00
Rabi,Rajasthan,Peas & beans (Pulses),235241.00
Rabi,Bihar,Sunflower,234675.00
Whole Year,Telangana,Dry chillies,233959.00
Rabi,Chhattisgarh,Linseed,233844.00
Rabi,West Bengal,Groundnut,233092.00
Kharif,Chhattisgarh,Horse-gram,232613.00
Kharif,Odisha,Mesta,232260.00
Rabi,Punjab,Gram,232000.00
Kharif,Gujarat,Moth,231900.00
Kharif,Odisha,Moong(Green Gram),230277.90
Whole Year,Chhattisgarh,Sweet potato,228837.00
Autumn,Odisha,Ragi,226015.10
Kharif,Bihar,Ragi,225944.00
Rabi,Meghalaya,Rice,225326.00
Rabi,Assam,Peas & beans (Pulses),220368.00
Summer,Meghalaya,Rice,219024.00
Whole Year,Mizoram,Rice,218313.00
Kharif,Rajasthan,Arhar/Tur,216795.00
Kharif,Andhra Pradesh,Tobacco,216519.00
Rabi,Maharashtra,Linseed,215777.00
Whole Year,Tamil Nadu,Sweet potato,215209.00
Kharif,Uttar Pradesh,Small millets,214029.10
Whole Year,Uttar Pradesh,Banana,212312.00
Whole Year,Tamil Nadu,Sunflower,212050.00
Rabi,Telangana,Sunflower,211244.00
Whole Year,Meghalaya,Tapioca,211147.00
Rabi,Bihar,Moong(Green Gram),209775.00
Kharif,West Bengal,Dry ginger,209086.00
Kharif,Odisha,Urad,207607.00
Whole Year,Assam,Papaya,205733.00
Whole Year,Telangana,Onion,204366.00
Whole Year,Tamil Nadu,Arhar/Tur,203866.00
Kharif,Maharashtra,Niger seed,203630.00
Whole Year,Tamil Nadu,Cabbage,201342.00
Summer,Karnataka,Potato,200973.00
Autumn,Manipur,Rice,200290.00
Whole Year,Andhra Pradesh,Bhindi,199605.00
Kharif,Andaman and Nicobar Islands,Rice,199090.06
Kharif,Gujarat,Other Kharif pulses,198600.00
Whole Year,Uttarakhand,Dry ginger,197586.00
Kharif,Uttar Pradesh,Onion,195775.00
Whole Year,Uttarakhand,Onion,193509.00
Whole Year,Karnataka,Arcanut (Processed),192831.00
Kharif,Uttarakhand,Soyabean,191586.00
Rabi,Meghalaya,Potato,188202.00
Kharif,Mizoram,Maize,184554.00
Rabi,Assam,Masoor,183726.00
Kharif,Chhattisgarh,Niger seed,183667.00
Autumn,Jharkhand,Ragi,183569.48
Kharif,Telangana,other oilseeds,182085.00
Winter,Manipur,Rice,181900.00
Rabi,Andhra Pradesh,Papaya,181414.00
Whole Year,Assam,Turmeric,180527.00
Whole Year,Assam,Tapioca,180478.00
Kharif,Meghalaya,Tapioca,180108.00
Kharif,Andhra Pradesh,Sesamum,178232.00
Summer,Karnataka,Dry chillies,177998.00
Whole Year,Gujarat,Sesamum,177000.00
Kharif,Telangana,Bajra,176366.00
Rabi,Odisha,Moong(Green Gram),175720.00
Rabi,West Bengal,Peas & beans (Pulses),175643.00
Kharif,Madhya Pradesh,Moong(Green Gram),175140.00
Whole Year,Meghalaya,Pineapple,175004.00
Whole Year,Andhra Pradesh,Potato,174114.00
Kharif,Meghalaya,Total foodgrain,172595.00
Kharif,Punjab,Arhar/Tur,172500.00
Kharif,Nagaland,Potato,166630.00
Whole Year,Meghalaya,Sweet potato,166629.00
Kharif,Telangana,Ragi,165583.00
Kharif,Odisha,Dry ginger,164858.00
Rabi,Tamil Nadu,Ragi,164473.00
Rabi,Karnataka,Paddy,163930.00
Kharif,Bihar,Sunflower,162533.00
Whole Year,Goa,Other Vegetables,161921.00
Rabi,Tamil Nadu,Cotton(lint),161910.00
Whole Year,Himachal Pradesh,Sugarcane,161723.10
Whole Year,Mizoram,Sugarcane,161231.00
Kharif,Nagaland,Small millets,160560.00
Whole Year,Karnataka,Brinjal,160512.00
Whole Year,Tamil Nadu,Brinjal,160400.00
Whole Year,Odisha,Garlic,159628.00
Rabi,West Bengal,Urad,158535.00
Kharif,Tamil Nadu,Sunflower,157588.00
Whole Year,Manipur,Pineapple,155469.00
Kharif,Uttar Pradesh,Moong(Green Gram),155148.70
Summer,Puducherry,Rice,155060.00
Kharif,Andhra Pradesh,Urad,154774.00
Rabi,Uttarakhand,Rice,154093.00
Kharif,West Bengal,Ragi,152005.00
Whole Year,Meghalaya,Turmeric,150527.00
Whole Year,Assam,Orange,149577.00
Whole Year,Goa,Cashewnut,148291.00
Rabi,Jharkhand,Arhar/Tur,147679.01
Rabi,Haryana,Sunflower,146500.00
Summer,Uttar Pradesh,Sunflower,145065.00
Rabi,Telangana,Wheat,142819.00
Kharif,West Bengal,Sunflower,141789.00
Whole Year,Assam,Dry chillies,140663.00
Rabi,Rajasthan,Other  Rabi pulses,140620.00
Summer,Meghalaya,Potato,139328.00
Whole Year,Punjab,Guar seed,139100.00
Kharif,Gujarat,Soyabean,137900.00
Kharif,Karnataka,Cowpea(Lobia),137891.00
Rabi,Telangana,Urad,137776.00
Rabi,Uttarakhand,Rapeseed &Mustard,137325.00
Rabi,Tamil Nadu,Moong(Green Gram),137317.00
Kharif,Odisha,Niger seed,136830.00
Kharif,Nagaland,Jute,136480.00
Whole Year,Kerala,Cardamom,136342.00
Whole Year,Andhra Pradesh,Sweet potato,135931.00
Whole Year,Gujarat,Dry chillies,135900.00
Kharif,Punjab,Groundnut,135700.00
Whole Year,Tamil Nadu,Small millets,135629.00
Whole Year,Andhra Pradesh,Coriander,135326.00
Rabi,Tamil Nadu,Onion,134505.00
Whole Year,Tamil Nadu,Horse-gram,133937.00
Kharif,Uttarakhand,Other Kharif pulses,133521.00
Rabi,Andhra Pradesh,Sesamum,133240.00
Kharif,Bihar,Horse-gram,132808.00
Whole Year,Madhya Pradesh,Cotton(lint),132478.00
Kharif,Assam,Sesamum,131973.00
Whole Year,West Bengal,Maize,130390.00
Whole Year,Kerala,Coffee,130012.00
Kharif,Odisha,Cotton(lint),126120.00
Summer,West Bengal,Moong(Green Gram),125403.00
Summer,Uttarakhand,Onion,125394.00
Rabi,Karnataka,Dry chillies,124586.00
Kharif,Nagaland,Ginger,124390.00
Whole Year,Kerala,Turmeric,124363.93
Summer,Gujarat,Maize,121600.00
Whole Year,Haryana,Other Fresh Fruits,121500.00
Kharif,Himachal Pradesh,Dry ginger,121233.00
Whole Year,Kerala,Tea,121079.30
Whole Year,Tamil Nadu,Sesamum,120792.00
Kharif,Tamil Nadu,Other Kharif pulses,120367.00
Kharif,Telangana,Banana,119389.00
Whole Year,Kerala,Sweet potato,119231.00
Whole Year,Karnataka,Tapioca,119219.00
Whole Year,Meghalaya,Maize,119151.00
Kharif,Meghalaya,Cotton(lint),119033.00
Rabi,Punjab,Peas & beans (Pulses),118800.00
Kharif,Assam,Tapioca,117319.00
Kharif,Dadra and Nagar Haveli,Coconut,117288.00
Kharif,West Bengal,Cotton(lint),117142.00
Whole Year,Telangana,Dry ginger,117108.00
Rabi,Gujarat,Other  Rabi pulses,116300.00
Whole Year,Manipur,Potato,116010.00
Kharif,Punjab,Guar seed,115672.00
Rabi,Assam,Sweet potato,115095.00
Kharif,Maharashtra,Other Cereals & Millets,114400.00
Whole Year,Manipur,Sugarcane,111712.00
Kharif,Himachal Pradesh,Sugarcane,111510.00
Rabi,Telangana,Moong(Green Gram),111329.00
Kharif,Rajasthan,Onion,111300.00
Kharif,Andhra Pradesh,Korra,110939.00
Rabi,Nagaland,Wheat,110810.00
Kharif,Andhra Pradesh,Cashewnut,110702.00
Kharif,Karnataka,Niger seed,110614.00
Kharif,Karnataka,Peas & beans (Pulses),109360.00
Whole Year,Tamil Nadu,Tobacco,109175.00
Whole Year,Tamil Nadu,Pome Fruit,107687.00
Kharif,Uttarakhand,Urad,106775.00
Rabi,Sikkim,Wheat,106540.00
Rabi,Uttarakhand,Masoor,106339.00
Kharif,Punjab,Sesamum,105660.00
Rabi,Odisha,Urad,105570.00
Kharif,Meghalaya,Sweet potato,104007.00
Whole Year,Sikkim,Other Vegetables,103620.00
Rabi,Odisha,Gram,102881.00
Rabi,Arunachal Pradesh,Wheat,102145.00
Rabi,Nagaland,Peas & beans (Pulses),101730.00
Kharif,Uttarakhand,Horse-gram,99373.00
Kharif,Uttar Pradesh,Dry chillies,99321.00
Rabi,Meghalaya,Rapeseed &Mustard,98955.00
Kharif,Telangana,Sesamum,98825.00
Kharif,Chhattisgarh,Sesamum,98606.00
Whole Year,Karnataka,Beans & Mutter(Vegetable),98563.00
Whole Year,Madhya Pradesh,Barley,97660.00
Whole Year,Meghalaya,Cashewnut,97476.00
Whole Year,Andaman and Nicobar Islands,Banana,97424.65
Autumn,Odisha,Urad,97387.40
Kharif,Odisha,Sesamum,96921.60
Rabi,Odisha,Horse-gram,96910.00
Whole Year,Tamil Nadu,Grapes,95558.00
Whole Year,Telangana,Brinjal,95447.00
Rabi,Tamil Nadu,Bajra,94521.00
Kharif,Nagaland,Dry ginger,93320.00
Rabi,Telangana,Sesamum,92557.00
Whole Year,Kerala,Garlic,92255.00
Whole Year,Sikkim,Total foodgrain,92247.00
Rabi,Karnataka,Other  Rabi pulses,90921.00
Whole Year,Madhya Pradesh,Peas & beans (Pulses),90793.00
Whole Year,Tamil Nadu,Coriander,90385.10
Whole Year,Goa,Other Fresh Fruits,89643.00
Whole Year,Maharashtra,Tomato,89065.00
Kharif,Nagaland,Niger seed,88690.00
Kharif,Odisha,Small millets,88648.00
Whole Year,Tamil Nadu,Dry ginger,88586.00
Kharif,Haryana,Moong(Green Gram),88367.00
Kharif,Bihar,Moong(Green Gram),87898.10
Kharif,Assam,Arhar/Tur,87741.00
Rabi,Uttarakhand,Onion,87690.00
Kharif,Telangana,Masoor,87529.00
Kharif,Tripura,Mesta,87516.00
Autumn,West Bengal,Ragi,87335.00
Kharif,Puducherry,Tapioca,87199.00
Whole Year,Karnataka,Garlic,86394.00
Whole Year,Tamil Nadu,Arecanut,86296.00
Summer,Odisha,Maize,86211.20
Rabi,Nagaland,Linseed,85490.00
Rabi,West Bengal,Dry chillies,84887.00
Rabi,Himachal Pradesh,Potato,84556.00
Whole Year,Madhya Pradesh,Small millets,84404.00
Winter,Odisha,Sesamum,84096.30
Summer,Gujarat,Moong(Green Gram),83900.00
Rabi,Odisha,Other  Rabi pulses,83729.00
Kharif,Bihar,Jowar,83110.00
Summer,Maharashtra,Sunflower,82770.00
Kharif,Chhattisgarh,Jowar,82498.00
Whole Year,Uttarakhand,Ginger,82419.00
Whole Year,Jharkhand,Sugarcane,82173.01
Rabi,Telangana,Bajra,81898.00
Kharif,Odisha,Horse-gram,81678.50
Rabi,Telangana,Safflower,81367.00
Rabi,Jharkhand,Onion,81337.03
Kharif,Manipur,Maize,81043.00
Rabi,Assam,Linseed,79976.00
Whole Year,Odisha,Sannhamp,79340.00
Kharif,Madhya Pradesh,Horse-gram,78878.00
Kharif,Karnataka,Gram,78734.00
Rabi,Chhattisgarh,Masoor,78315.00
Rabi,Haryana,Other  Rabi pulses,78000.00
Whole Year,Tamil Nadu,Bhindi,77769.00
Rabi,Himachal Pradesh,Peas & beans (Pulses),77487.00
Rabi,Chhattisgarh,Peas & beans (Pulses),77393.00
Rabi,Jharkhand,Gram,77253.23
Whole Year,Kerala,Drum Stick,77113.00
Kharif,Puducherry,Banana,76267.00
Kharif,Gujarat,Other Cereals & Millets,76000.00
Kharif,Punjab,Bajra,75800.00
Kharif,Tamil Nadu,Other Cereals & Millets,75741.00
Kharif,Jammu and Kashmir,Bajra,75315.70
Kharif,Assam,Niger seed,75299.00
Kharif,Bihar,Small millets,74144.00
Rabi,Andhra Pradesh,Bajra,73381.00
Rabi,Madhya Pradesh,Jowar,73259.00
Kharif,Himachal Pradesh,Peas & beans (Pulses),72905.00
Kharif,Maharashtra,Total foodgrain,71618.00
Rabi,Odisha,Niger seed,70859.00
Whole Year,Haryana,Dry chillies,70600.00
Rabi,Nagaland,Maize,70560.00
Autumn,Odisha,Moong(Green Gram),70298.70
Kharif,Tamil Nadu,Potato,70206.00
Whole Year,Andhra Pradesh,Beans & Mutter(Vegetable),70041.00
Kharif,Assam,Small millets,69650.00
Whole Year,Meghalaya,Citrus Fruit,69642.00
Rabi,Karnataka,Linseed,69247.00
Whole Year,Madhya Pradesh,Dry ginger,69087.00
Rabi,Odisha,Sweet potato,68770.00
Rabi,Haryana,Masoor,68174.00
Whole Year,West Bengal,Sannhamp,68004.00
Rabi,Odisha,Wheat,67963.50
Rabi,Sikkim,Rapeseed &Mustard,67705.00
Kharif,Sikkim,Small millets,67141.00
Kharif,Tripura,Jute & mesta,66990.00
Rabi,Goa,Other  Rabi pulses,66897.00
Kharif,Bihar,Other Kharif pulses,66490.00
Kharif,Andhra Pradesh,Pome Granet,66334.00
Rabi,Uttar Pradesh,Sunflower,66294.00
Whole Year,Kerala,Cashewnut Raw,66087.00
Whole Year,Puducherry,Tapioca,66009.00
Whole Year,Telangana,Pome Fruit,65452.00
Kharif,Andhra Pradesh,Masoor,65424.00
Kharif,Andhra Pradesh,Samai,64425.00
Kharif,Tripura,Jute,64223.00
Kharif,Himachal Pradesh,Small millets,64202.00
Kharif,Andhra Pradesh,Niger seed,63757.00
Kharif,Nagaland,Arhar/Tur,63677.00
Kharif,Tamil Nadu,Dry ginger,63285.00
Rabi,Uttarakhand,Peas & beans (Pulses),62965.00
Whole Year,Puducherry,Banana,62533.00
Rabi,Assam,Moong(Green Gram),62473.00
Rabi,Nagaland,Other  Rabi pulses,62410.00
Whole Year,Telangana,Papaya,61959.00
Whole Year,Madhya Pradesh,Sannhamp,61852.00
Whole Year,Tamil Nadu,Pineapple,61431.00
Rabi,Assam,Dry chillies,61399.00
Rabi,Karnataka,Urad,61348.10
Kharif,Haryana,Other Kharif pulses,61200.00
Kharif,Odisha,Turmeric,61180.00
Whole Year,Sikkim,Potato,60460.00
Kharif,Andhra Pradesh,Horse-gram,60403.00
Whole Year,Andhra Pradesh,Other Fresh Fruits,60327.00
Kharif,Kerala,Cotton(lint),59982.00
Kharif,Chhattisgarh,Potato,59745.00
Whole Year,Arunachal Pradesh,Dry chillies,59559.00
Kharif,Rajasthan,Small millets,59264.40
Whole Year,Telangana,Grapes,59249.00
Kharif,Uttar Pradesh,Sunflower,59189.00
Rabi,Uttar Pradesh,Urad,58639.40
Kharif,Sikkim,Soyabean,58430.00
Whole Year,Chhattisgarh,Dry chillies,57822.00
Rabi,Punjab,Sunflower,57700.00
Rabi,West Bengal,Barley,57161.00
Whole Year,Jammu and Kashmir,Potato,57100.00
Whole Year,Tamil Nadu,Jack Fruit,57026.00
Whole Year,Telangana,Castor seed,56480.00
Whole Year,Karnataka,Other Fresh Fruits,56441.00
Rabi,Punjab,Masoor,55939.00
Kharif,West Bengal,Niger seed,55417.00
Rabi,Madhya Pradesh,Moong(Green Gram),55409.00
Kharif,Punjab,Urad,55210.00
Whole Year,Uttarakhand,Pulses total,54545.00
Whole Year,Kerala,Potato,54534.00
Rabi,Nagaland,Rice,54310.00
Winter,Odisha,Maize,53988.30
Winter,Puducherry,Rice,53568.00
Rabi,Andhra Pradesh,Rapeseed &Mustard,53480.00
Rabi,Jammu and Kashmir,Barley,53288.60
Whole Year,Goa,Banana,53190.00
Whole Year,Telangana,Citrus Fruit,52817.00
Whole Year,Karnataka,Pome Fruit,52741.00
Summer,Odisha,Wheat,52693.20
Rabi,Tamil Nadu,Potato,52531.00
Rabi,Odisha,Garlic,52280.00
Kharif,Maharashtra,Castor seed,52123.70
Kharif,Bihar,Bajra,51189.00
Whole Year,Manipur,Other Fresh Fruits,51089.00
Whole Year,Tamil Nadu,Garlic,50749.00
Kharif,Odisha,Other Kharif pulses,50621.00
Kharif,Tripura,Maize,50540.00
Kharif,Sikkim,Urad,50114.00
Kharif,Nagaland,Colocosia,49840.00
Rabi,Odisha,Dry chillies,49620.00
Rabi,Odisha,Rapeseed &Mustard,49578.30
Kharif,Himachal Pradesh,Urad,49390.00
Kharif,Sikkim,Other Kharif pulses,49095.00
Winter,Odisha,Groundnut,48690.60
Whole Year,Madhya Pradesh,Linseed,48563.00
Rabi,Tamil Nadu,Samai,48503.00
Rabi,Tamil Nadu,Horse-gram,48299.00
Rabi,Rajasthan,Linseed,48162.00
Rabi,Dadra and Nagar Haveli,Other  Rabi pulses,47987.00
Rabi,Odisha,Linseed,47699.00
Rabi,Andhra Pradesh,Cotton(lint),47645.00
Whole Year,Manipur,Dry chillies,47522.00
Kharif,Nagaland,Sweet potato,46990.00
Kharif,Nagaland,Other Kharif pulses,46740.00
Rabi,Karnataka,Moong(Green Gram),45650.00
Whole Year,Rajasthan,Sweet potato,45534.00
Rabi,Goa,Groundnut,45484.00
Whole Year,Tripura,Jute & mesta,45325.00
Rabi,Uttar Pradesh,Turmeric,45006.00
Whole Year,Uttar Pradesh,Dry chillies,45004.00
Kharif,Haryana,Gram,45000.00
Rabi,Jharkhand,Rapeseed &Mustard,44528.11
Kharif,Tamil Nadu,Castor seed,43901.53
Rabi,Himachal Pradesh,Rapeseed &Mustard,43406.00
Kharif,Tamil Nadu,Varagu,43322.00
Kharif,Madhya Pradesh,Dry ginger,43288.10
Rabi,Chhattisgarh,Barley,43205.00
Winter,Meghalaya,Potato,42957.00
Kharif,Nagaland,Sesamum,42750.00
Rabi,Uttar Pradesh,Moong(Green Gram),42217.10
Whole Year,Karnataka,Peas & beans (Pulses),42197.00
Rabi,Meghalaya,Wheat,42192.00
Rabi,Maharashtra,Rapeseed &Mustard,41722.50
Rabi,Tamil Nadu,Gram,41173.00
Rabi,Telangana,Potato,41069.00
Summer,Karnataka,Peas & beans (Pulses),41038.00
Whole Year,Madhya Pradesh,Papaya,40761.00
Kharif,Jammu and Kashmir,Urad,40748.50
Whole Year,Bihar,Dry chillies,40508.00
Kharif,Odisha,Jowar,40401.00
Rabi,Telangana,Horse-gram,40223.00
Whole Year,Madhya Pradesh,Khesari,40118.00
Whole Year,Odisha,Coriander,39577.00
Whole Year,Bihar,Garlic,39513.00
Rabi,Chandigarh,Wheat,39465.00
Whole Year,Chhattisgarh,Garlic,39447.00
Rabi,Nagaland,Barley,39200.00
Kharif,Bihar,Sesamum,39188.00
Summer,Uttarakhand,Total foodgrain,39126.00
Rabi,Jammu and Kashmir,Potato,38900.70
Rabi,Andhra Pradesh,Other  Rabi pulses,38821.00
Rabi,Arunachal Pradesh,Rapeseed &Mustard,38730.00
Kharif,Chhattisgarh,Moong(Green Gram),38562.00
Kharif,Odisha,Dry chillies,38300.00
Whole Year,Gujarat,other oilseeds,38100.00
Whole Year,Manipur,Cabbage,37958.00
Kharif,Bihar,Sannhamp,37675.56
Kharif,Uttarakhand,Pulses total,37635.00
Whole Year,Arunachal Pradesh,Turmeric,37605.00
Rabi,Andhra Pradesh,Cabbage,37504.00
Whole Year,Haryana,Garlic,37400.00
Rabi,West Bengal,Linseed,37388.00
Winter,Odisha,Rapeseed &Mustard,36956.80
Kharif,Gujarat,other oilseeds,36900.00
Kharif,Nagaland,Oilseeds total,35950.00
Kharif,Chhattisgarh,Mesta,35907.00
Kharif,Telangana,Horse-gram,35734.00
Kharif,Puducherry,Paddy,35588.00
Whole Year,Arunachal Pradesh,Pulses total,35498.00
Rabi,Meghalaya,Jute,35304.00
Kharif,Andhra Pradesh,Cabbage,34615.00
Rabi,Karnataka,Peas & beans (Pulses),34512.00
Whole Year,Telangana,Bhindi,34510.00
Kharif,Chhattisgarh,Ragi,34285.00
Whole Year,Bihar,Turmeric,34168.00
Kharif,West Bengal,Garlic,33728.00
Rabi,Nagaland,Oilseeds total,33550.00
Whole Year,Karnataka,Coriander,33380.00
Kharif,Bihar,Sweet potato,33058.00
Whole Year,Telangana,Coriander,32973.00
Kharif,Goa,Groundnut,32931.00
Whole Year,Tamil Nadu,Gram,32748.00
Autumn,Puducherry,Rice,32535.00
Whole Year,Karnataka,Cashewnut Raw,32375.00
Kharif,Jharkhand,Arhar/Tur,32220.12
Rabi,Andhra Pradesh,Potato,32187.00
Kharif,West Bengal,Sannhamp,31849.00
Whole Year,Punjab,Moong(Green Gram),31700.00
Kharif,Dadra and Nagar Haveli,Ragi,31087.00
Kharif,Tamil Nadu,Samai,31032.00
Whole Year,Tamil Nadu,Castor seed,30938.00
Kharif,Jammu and Kashmir,Potato,30900.20
Rabi,Himachal Pradesh,Onion,30803.00
Kharif,Uttar Pradesh,Cotton(lint),30768.00
Kharif,Manipur,Dry ginger,30700.00
Kharif,Odisha,Castor seed,30490.00
Kharif,Karnataka,Mesta,30472.00
Rabi,Andhra Pradesh,Cowpea(Lobia),30449.00
Kharif,Andhra Pradesh,Other Kharif pulses,30037.00
Rabi,Madhya Pradesh,Urad,29966.00
Rabi,Andhra Pradesh,Coriander,29915.00
Whole Year,Jammu and Kashmir,Other Vegetables,29895.00
Summer,Odisha,Urad,29885.80
Whole Year,Andhra Pradesh,Dry ginger,29653.00
Autumn,West Bengal,Dry chillies,29590.00
Whole Year,Telangana,Cashewnut,29572.00
Rabi,Odisha,Sunflower,29455.00
Whole Year,Andaman and Nicobar Islands,Sugarcane,29305.72
Kharif,Telangana,Ginger,29243.00
Kharif,Gujarat,Small millets,28800.00
Kharif,Kerala,Groundnut,28643.00
Summer,Odisha,Sesamum,28565.80
Rabi,Odisha,Maize,28460.00
Whole Year,Bihar,Ragi,28348.00
Whole Year,Chhattisgarh,Dry ginger,28148.00
Kharif,Nagaland,Groundnut,28070.00
Whole Year,Andaman and Nicobar Islands,Arecanut,27735.81
Rabi,Telangana,Other  Rabi pulses,27573.00
Kharif,Mizoram,Other Kharif pulses,26841.00
Rabi,Tripura,Wheat,26804.00
Kharif,Chhattisgarh,Other Kharif pulses,26764.00
Kharif,Telangana,Tobacco,26700.00
Rabi,Odisha,Sesamum,26690.00
Rabi,Maharashtra,Other Cereals & Millets,26500.00
Rabi,Telangana,Tobacco,26311.00
Whole Year,Andhra Pradesh,Castor seed,25783.00
Kharif,Uttarakhand,Ginger,24774.00
Kharif,Nagaland,Peas & beans (Pulses),24680.00
Kharif,Uttar Pradesh,Dry ginger,24611.00
Rabi,Uttar Pradesh,Coriander,24523.00
Rabi,Telangana,Arhar/Tur,24260.00
Whole Year,Telangana,Beans & Mutter(Vegetable),24236.00
Kharif,Nagaland,Bajra,24230.00
Rabi,Karnataka,Cowpea(Lobia),24183.00
Kharif,Meghalaya,Small millets,24160.00
Autumn,Andaman and Nicobar Islands,Rice,23916.00
Rabi,Telangana,Cowpea(Lobia),23425.00
Rabi,Chhattisgarh,Moong(Green Gram),23384.00
Whole Year,Karnataka,Cardamom,23351.00
Winter,Odisha,Arhar/Tur,23305.00
Kharif,Tripura,Cotton(lint),23125.00
Rabi,Odisha,Castor seed,23070.00
Rabi,Assam,Blackgram,23058.00
Rabi,Assam,Black pepper,22720.00
Kharif,Andhra Pradesh,Soyabean,22459.00
Kharif,Uttarakhand,Arhar/Tur,22438.00
Rabi,Andhra Pradesh,Arhar/Tur,22435.00
Kharif,Andhra Pradesh,Grapes,22314.00
Rabi,Tripura,Rapeseed &Mustard,22235.00
Kharif,Uttarakhand,Groundnut,22188.00
Rabi,West Bengal,Moong(Green Gram),22177.00
Kharif,Haryana,Groundnut,21971.00
Rabi,Sikkim,Other Cereals & Millets,21957.00
Whole Year,Manipur,Papaya,21940.00
Kharif,Chhattisgarh,Sunflower,21857.00
Kharif,Madhya Pradesh,Sannhamp,21802.00
Kharif,Manipur,Peas & beans (Pulses),21791.00
Rabi,Maharashtra,Small millets,21700.00
Whole Year,Uttarakhand,Turmeric,21601.00
Rabi,West Bengal,Horse-gram,21518.00
Rabi,Assam,Gram,21325.00
Kharif,Gujarat,Dry chillies,21300.00
Kharif,Meghalaya,Soyabean,21226.00
Whole Year,Madhya Pradesh,Niger seed,21058.00
Kharif,West Bengal,Small millets,21016.00
Kharif,Nagaland,Jowar,20840.00
Rabi,Jharkhand,Masoor,20718.32
Whole Year,Meghalaya,Dry chillies,20278.00
Rabi,Dadra and Nagar Haveli,Rice,20208.00
Kharif,Himachal Pradesh,Other Kharif pulses,20185.00
Rabi,Mizoram,Rice,20078.00
Rabi,Mizoram,Other  Rabi pulses,20074.00
Whole Year,Telangana,Ginger,20051.00
Summer,Uttarakhand,Moong(Green Gram),20023.00
Rabi,Andhra Pradesh,Sweet potato,19734.00
Autumn,Maharashtra,Maize,19695.00
Rabi,Haryana,Peas & beans (Pulses),19624.00
Rabi,Bihar,Sweet potato,19474.00
Kharif,Dadra and Nagar Haveli,Arhar/Tur,19438.00
Summer,Puducherry,Paddy,19433.00
Kharif,West Bengal,Arhar/Tur,19378.00
Whole Year,Uttarakhand,Garlic,19372.00
Kharif,Jammu and Kashmir,Sesamum,19269.30
Kharif,Mizoram,Sesamum,19264.00
Rabi,Meghalaya,Other  Rabi pulses,19256.00
Whole Year,Odisha,Tobacco,19067.00
Kharif,Haryana,Sunflower,18900.00
Rabi,West Bengal,Small millets,18897.00
Whole Year,Tripura,Oilseeds total,18800.00
Kharif,Bihar,Blackgram,18601.00
Rabi,Odisha,Masoor,18570.00
Whole Year,Manipur,Cauliflower,18433.00
Kharif,Haryana,Sesamum,18379.00
Kharif,Telangana,Mesta,18377.00
Whole Year,Assam,Black pepper,18343.00
Rabi,Sikkim,Barley,18198.00
Whole Year,Sikkim,Other Fresh Fruits,18190.00
Rabi,Nagaland,Masoor,18110.00
Whole Year,Gujarat,Ragi,17900.00
Rabi,Nagaland,Sunflower,17890.00
Rabi,Chhattisgarh,Urad,17884.00
Whole Year,Goa,Mango,17831.00
Rabi,Karnataka,Rapeseed &Mustard,17757.10
Kharif,Tripura,Other Kharif pulses,17732.00
Whole Year,Manipur,Beans & Mutter(Vegetable),17643.00
Rabi,Andhra Pradesh,other oilseeds,17307.00
Kharif,Nagaland,Sunflower,17240.00
Kharif,Meghalaya,Sesamum,17148.00
Winter,Dadra and Nagar Haveli,Wheat,17134.00
Kharif,Himachal Pradesh,Sesamum,16966.00
Rabi,Telangana,Ragi,16952.00
Whole Year,Haryana,Sweet potato,16900.00
Rabi,Uttarakhand,Pulses total,16855.00
Whole Year,Tamil Nadu,Citrus Fruit,16843.00
Rabi,Meghalaya,Peas & beans (Pulses),16790.00
Rabi,Meghalaya,Arecanut,16561.00
Autumn,Manipur,Banana,16460.00
Summer,Karnataka,Cotton(lint),16441.00
Summer,Odisha,Arhar/Tur,16414.00
Rabi,Meghalaya,Sweet potato,16406.00
Whole Year,Karnataka,Mesta,16281.00
Rabi,Uttarakhand,Linseed,16239.00
Summer,Manipur,Banana,16080.00
Rabi,West Bengal,Arhar/Tur,15924.00
Rabi,Arunachal Pradesh,Sugarcane,15806.00
Summer,Karnataka,Bajra,15766.00
Rabi,Maharashtra,Sesamum,15764.00
Kharif,Uttar Pradesh,Guar seed,15753.00
Kharif,Himachal Pradesh,Ginger,15615.00
Whole Year,Himachal Pradesh,Onion,15586.00
Kharif,Nagaland,Moong(Green Gram),15540.00
Kharif,West Bengal,Groundnut,15475.00
Kharif,Mizoram,other oilseeds,15386.00
Kharif,Mizoram,Soyabean,15240.00
Whole Year,Bihar,Coriander,14971.00
Whole Year,Tamil Nadu,Sannhamp,14844.00
Rabi,Bihar,Tobacco,14752.00
Kharif,Andaman and Nicobar Islands,Arecanut,14500.00
Rabi,Meghalaya,Turmeric,14449.00
Whole Year,Bihar,Sannhamp,14447.00
Kharif,Puducherry,Mango,14081.00
Whole Year,Chhattisgarh,Coriander,14072.00
Kharif,Nagaland,Mesta,14070.00
Kharif,Kerala,Jowar,14048.00
Whole Year,Chandigarh,Potato,13795.00
Kharif,Telangana,Other Kharif pulses,13718.00
Kharif,Madhya Pradesh,Sunflower,13656.15
Kharif,Himachal Pradesh,Ragi,13608.00
Kharif,Meghalaya,Arhar/Tur,13502.00
Whole Year,Manipur,Onion,13470.00
Whole Year,Mizoram,Potato,13334.00
Kharif,Tripura,Arhar/Tur,13326.00
Rabi,Meghalaya,Small millets,13286.00
Summer,Uttar Pradesh,Tobacco,13274.00
Kharif,Madhya Pradesh,Mesta,13244.00
Rabi,Andhra Pradesh,Small millets,12832.00
Rabi,Himachal Pradesh,Garlic,12788.00
Rabi,Andhra Pradesh,Other Kharif pulses,12682.00
Rabi,Andhra Pradesh,Niger seed,12672.00
Kharif,Tripura,Sesamum,12652.00
Kharif,Puducherry,Groundnut,12447.00
Autumn,Manipur,Sugarcane,12410.00
Kharif,Assam,Cotton(lint),12341.00
Whole Year,Chhattisgarh,Turmeric,12288.00
Kharif,Odisha,Bajra,12119.00
Winter,Manipur,Banana,12090.00
Kharif,Madhya Pradesh,Castor seed,11940.22
Rabi,West Bengal,Ragi,11870.00
Whole Year,Telangana,Sweet potato,11768.00
Whole Year,Haryana,Mango,11767.00
Kharif,Dadra and Nagar Haveli,Other Kharif pulses,11739.00
Whole Year,Uttar Pradesh,Turmeric,11660.00
Rabi,Nagaland,Sugarcane,11580.00
Autumn,Odisha,Sesamum,11561.80
Rabi,Gujarat,Small millets,11500.00
Rabi,Nagaland,Rajmash Kholar,11500.00
Rabi,Mizoram,Maize,11494.00
Whole Year,Nagaland,Tea,11452.00
Kharif,Haryana,Urad,11318.00
Whole Year,Manipur,Citrus Fruit,11237.00
Kharif,Puducherry,Cotton(lint),11141.00
Whole Year,Goa,Pineapple,10985.00
Whole Year,Rajasthan,Tobacco,10834.00
Whole Year,Andaman and Nicobar Islands,Dry ginger,10825.60
Kharif,Himachal Pradesh,Horse-gram,10770.00
Rabi,Jammu and Kashmir,Gram,10681.10
Kharif,West Bengal,Moong(Green Gram),10678.00
Rabi,Mizoram,Rapeseed &Mustard,10513.00
Whole Year,Mizoram,Tapioca,10455.00
Autumn,West Bengal,Groundnut,10429.00
Rabi,Nagaland,Gram,10350.00
Rabi,Andhra Pradesh,Wheat,10346.00
Rabi,Odisha,Coriander,10330.00
Kharif,Manipur,Other Kharif pulses,10316.00
Rabi,Puducherry,Groundnut,10309.00
Whole Year,Chhattisgarh,Papaya,10187.00
Rabi,Meghalaya,Gram,10179.00
Kharif,Andhra Pradesh,Potato,10148.00
Kharif,Telangana,Small millets,10127.00
Rabi,Himachal Pradesh,Gram,10114.00
Kharif,Haryana,Castor seed,10106.00
Autumn,Manipur,Maize,10090.00
Kharif,Kerala,Ragi,9897.00
Rabi,Tripura,Other  Rabi pulses,9806.00
Kharif,Assam,Castor seed,9727.00
Summer,Gujarat,Urad,9500.00
Kharif,Tamil Nadu,Tobacco,9369.00
Rabi,Jammu and Kashmir,Peas & beans (Pulses),9364.60
Kharif,Himachal Pradesh,Soyabean,9319.00
Whole Year,Tamil Nadu,Orange,9314.00
Rabi,Uttarakhand,Other Cereals & Millets,9267.00
Kharif,Telangana,Coconut,9264.00
Whole Year,Jharkhand,Onion,9196.87
Kharif,Dadra and Nagar Haveli,Urad,8977.00
Kharif,West Bengal,Other Kharif pulses,8948.00
Whole Year,Manipur,Tomato,8938.00
Kharif,Mizoram,Cotton(lint),8868.00
Winter,West Bengal,Sesamum,8862.00
Whole Year,Chhattisgarh,Sannhamp,8855.00
Rabi,Andhra Pradesh,Safflower,8837.00
Whole Year,Meghalaya,Papaya,8760.00
Rabi,Tripura,Peas & beans (Pulses),8711.00
Kharif,Telangana,Korra,8690.00
Kharif,Madhya Pradesh,Jute,8650.00
Rabi,Uttarakhand,Gram,8542.00
Kharif,Haryana,Moth,8522.00
Kharif,Uttar Pradesh,Sannhamp,8495.00
Rabi,Manipur,Banana,8490.00
Rabi,Telangana,Linseed,8478.00
Kharif,Maharashtra,Pulses total,8439.00
Summer,Karnataka,Cowpea(Lobia),8289.00
Whole Year,Tamil Nadu,Black pepper,8272.00
Whole Year,Assam,Sesamum,8257.00
Rabi,Chhattisgarh,Other  Rabi pulses,8224.00
Kharif,Maharashtra,other oilseeds,8200.00
Whole Year,Karnataka,Cashewnut Processed,8121.00
Rabi,Puducherry,Urad,8099.00
Whole Year,Andaman and Nicobar Islands,Tapioca,7937.00
Autumn,West Bengal,Sannhamp,7810.00
Kharif,Dadra and Nagar Haveli,Jowar,7771.00
Whole Year,Rajasthan,Sannhamp,7750.00
Rabi,Meghalaya,Cotton(lint),7738.00
Kharif,Meghalaya,Kapas,7684.00
Kharif,West Bengal,Jowar,7612.00
Rabi,Chhattisgarh,Horse-gram,7609.00
Whole Year,Chhattisgarh,Jowar,7550.00
Kharif,Bihar,Groundnut,7544.00
Kharif,Jammu and Kashmir,Other Kharif pulses,7533.20
Kharif,Mizoram,Potato,7479.00
Rabi,Uttarakhand,Lentil,7352.00
Rabi,Telangana,Rapeseed &Mustard,7190.00
Kharif,Nagaland,Rajmash Kholar,7090.00
Kharif,Tripura,Urad,7062.00
Kharif,West Bengal,Soyabean,7009.00
Whole Year,Sikkim,Oilseeds total,7000.00
Rabi,Andhra Pradesh,Castor seed,6934.00
Rabi,Odisha,Ragi,6860.00
Kharif,Nagaland,Cotton(lint),6830.00
Kharif,Bihar,Dry ginger,6689.00
Rabi,Assam,other misc. pulses,6672.00
Kharif,West Bengal,Horse-gram,6668.00
Autumn,West Bengal,Sesamum,6638.00
Kharif,Rajasthan,Dry ginger,6545.00
Autumn,Odisha,Arhar/Tur,6487.00
Kharif,Arunachal Pradesh,Soyabean,6465.00
Rabi,Odisha,Safflower,6422.00
Rabi,Andhra Pradesh,Varagu,6350.00
Kharif,Uttarakhand,Sesamum,6344.00
Rabi,Punjab,Other  Rabi pulses,6300.00
Kharif,Nagaland,Bean,6240.00
Rabi,Nagaland,Sesamum,6090.00
Whole Year,Puducherry,Mango,6086.00
Whole Year,Uttar Pradesh,Coriander,6069.00
Kharif,Karnataka,Rapeseed &Mustard,6066.00
Whole Year,Uttar Pradesh,Guar seed,6065.00
Kharif,Mizoram,Tapioca,6026.00
Whole Year,Uttar Pradesh,Sannhamp,5854.00
Rabi,Andaman and Nicobar Islands,Arecanut,5800.00
Rabi,Tamil Nadu,Sunflower,5800.00
Rabi,Jharkhand,Barley,5790.52
Whole Year,Goa,Arecanut,5790.00
Winter,Manipur,Potato,5750.00
Whole Year,Assam,Tobacco,5743.00
Rabi,West Bengal,Safflower,5709.00
Kharif,Jammu and Kashmir,Moong(Green Gram),5687.40
Rabi,Tripura,Masoor,5614.00
Whole Year,West Bengal,Cardamom,5611.70
Whole Year,Sikkim,Pulses total,5595.00
Whole Year,Telangana,Safflower,5573.00
Winter,Manipur,Sugarcane,5560.00
Whole Year,Andhra Pradesh,Grapes,5420.00
Kharif,Tripura,Groundnut,5361.00
Kharif,Nagaland,Ricebean (nagadal),5230.00
Whole Year,Kerala,Arhar/Tur,5224.00
Whole Year,Manipur,Bhindi,5180.00
Kharif,Kerala,Sesamum,5153.95
Whole Year,Manipur,Orange,5097.00
Kharif,Andhra Pradesh,Cowpea(Lobia),5078.00
Whole Year,Assam,Niger seed,5076.00
Kharif,Andhra Pradesh,Dry ginger,5074.00
Whole Year,West Bengal,Barley,5034.00
Kharif,Telangana,Cashewnut,5000.00
Whole Year,Uttarakhand,Tobacco,4960.00
Rabi,Meghalaya,Pulses total,4952.00
Summer,Manipur,Sugarcane,4900.00
Whole Year,Himachal Pradesh,Garlic,4798.00
Winter,Odisha,Niger seed,4768.90
Kharif,Manipur,Sesamum,4750.00
Whole Year,Tamil Nadu,Cardamom,4748.00
Whole Year,Rajasthan,Turmeric,4743.00
Rabi,Uttarakhand,other oilseeds,4742.00
Whole Year,Meghalaya,Tobacco,4741.00
Rabi,Puducherry,Moong(Green Gram),4698.00
Rabi,Meghalaya,Cowpea(Lobia),4668.00
Kharif,Jammu and Kashmir,Small millets,4468.00
Rabi,Meghalaya,Tobacco,4460.00
Summer,Manipur,Potato,4440.00
Kharif,Uttar Pradesh,Ginger,4354.00
Whole Year,Meghalaya,Sugarcane,4286.00
Whole Year,Jammu and Kashmir,Onion,4228.00
Kharif,Chandigarh,Maize,4225.00
Whole Year,West Bengal,Linseed,4210.00
Rabi,Rajasthan,Small millets,4070.00
Kharif,Jammu and Kashmir,Jowar,4062.90
Rabi,Himachal Pradesh,Linseed,4060.00
Kharif,Nagaland,Turmeric,4050.00
Whole Year,Meghalaya,Black pepper,4048.00
Whole Year,Manipur,Carrot,4044.00
Whole Year,Manipur,Pome Fruit,4027.00
Kharif,Nagaland,Dry chillies,4020.00
Rabi,Tripura,Groundnut,3954.00
Whole Year,Karnataka,Papaya,3951.00
Rabi,Manipur,Potato,3930.00
Whole Year,Haryana,Grapes,3893.00
Rabi,Karnataka,Bajra,3889.00
Kharif,Chandigarh,Rice,3853.00
Rabi,Bihar,Safflower,3749.00
Whole Year,Manipur,Sweet potato,3720.00
Whole Year,Manipur,Redish,3706.00
Summer,Odisha,Ragi,3642.30
Kharif,Tamil Nadu,Korra,3640.00
Whole Year,Kerala,Tobacco,3616.00
Whole Year,Puducherry,Brinjal,3595.00
Rabi,Manipur,Rapeseed &Mustard,3540.00
Whole Year,West Bengal,Niger seed,3522.00
Whole Year,Tripura,other oilseeds,3520.00
Whole Year,Manipur,Other Vegetables,3471.00
Whole Year,Bihar,Dry ginger,3453.00
Rabi,Meghalaya,Masoor,3451.00
Kharif,Nagaland,Tea,3450.00
Whole Year,Telangana,Garlic,3450.00
Whole Year,Andaman and Nicobar Islands,Dry chillies,3443.30
Kharif,Haryana,Horse-gram,3436.00
Rabi,Nagaland,Lentil,3410.00
Rabi,Tripura,Urad,3393.00
Kharif,Tripura,Moong(Green Gram),3345.00
Kharif,Dadra and Nagar Haveli,Small millets,3289.00
Whole Year,West Bengal,Small millets,3222.00
Whole Year,Andhra Pradesh,Arecanut,3164.00
Whole Year,Mizoram,Tobacco,3145.00
Kharif,Bihar,Castor seed,3137.00
Kharif,Telangana,Cowpea(Lobia),3125.00
Whole Year,Manipur,Jack Fruit,3087.00
Whole Year,Manipur,Brinjal,3030.00
Kharif,Dadra and Nagar Haveli,Banana,3028.00
Whole Year,Andhra Pradesh,Ginger,3003.00
Kharif,Andhra Pradesh,Sweet potato,3001.00
Whole Year,West Bengal,Safflower,3000.00
Rabi,Chhattisgarh,Safflower,2982.00
Kharif,Jammu and Kashmir,Sugarcane,2931.90
Rabi,Jammu and Kashmir,Onion,2890.20
Kharif,Puducherry,Bajra,2838.00
Kharif,Nagaland,Castor seed,2810.00
Whole Year,Manipur,Tapioca,2728.00
Kharif,Uttarakhand,other oilseeds,2675.00
Kharif,Tamil Nadu,Mesta,2657.00
Summer,Puducherry,Moong(Green Gram),2647.00
Whole Year,Himachal Pradesh,Dry ginger,2631.00
Rabi,Punjab,Linseed,2600.00
Rabi,Sikkim,Other  Rabi pulses,2546.00
Whole Year,Kerala,Groundnut,2536.00
Kharif,Puducherry,Ragi,2495.00
Whole Year,Goa,Ragi,2476.00
Rabi,Mizoram,other oilseeds,2352.00
Winter,Dadra and Nagar Haveli,Gram,2317.00
Kharif,Manipur,Soyabean,2297.00
Whole Year,Telangana,Other Fresh Fruits,2253.00
Kharif,Madhya Pradesh,Ragi,2251.80
Kharif,Puducherry,Urad,2230.00
Rabi,Tripura,Moong(Green Gram),2218.00
Kharif,Dadra and Nagar Haveli,Niger seed,2183.00
Whole Year,West Bengal,Arhar/Tur,2181.00
Whole Year,Andaman and Nicobar Islands,Sweet potato,2142.35
Autumn,West Bengal,Small millets,2120.00
Kharif,Maharashtra,Tobacco,2100.00
Kharif,Jammu and Kashmir,Moth,2069.00
Whole Year,Jammu and Kashmir,Sugarcane,2036.80
Kharif,Chhattisgarh,Cotton(lint),2036.00
Kharif,Jammu and Kashmir,Dry chillies,2025.90
Whole Year,Manipur,Mango,2025.00
Whole Year,Haryana,Coriander,2007.00
Kharif,Uttarakhand,Dry chillies,2000.00
Kharif,Kerala,Other Cereals & Millets,1989.00
Kharif,Telangana,Niger seed,1985.00
Kharif,Goa,Ragi,1956.58
Kharif,Puducherry,Brinjal,1943.00
Rabi,Manipur,Dry chillies,1940.00
Whole Year,Karnataka,Sannhamp,1934.00
Rabi,Uttar Pradesh,Ragi,1919.00
Whole Year,Chandigarh,Onion,1884.00
Rabi,Andaman and Nicobar Islands,Dry ginger,1850.00
Kharif,Punjab,Moth,1800.00
Whole Year,Haryana,Sannhamp,1800.00
Whole Year,Maharashtra,Tobacco,1800.00
Whole Year,Manipur,Turmeric,1774.00
Rabi,Chhattisgarh,Onion,1769.00
Rabi,Nagaland,Urad,1750.00
Kharif,Madhya Pradesh,Cowpea(Lobia),1733.00
Rabi,Andhra Pradesh,Mesta,1724.00
Rabi,Nagaland,Groundnut,1710.00
Rabi,Rajasthan,Tobacco,1707.00
Kharif,Himachal Pradesh,Masoor,1705.00
Kharif,Nagaland,Ragi,1700.00
Kharif,Nagaland,Cardamom,1690.00
Summer,Puducherry,Urad,1683.00
Autumn,Manipur,Potato,1670.00
Rabi,Nagaland,Blackgram,1640.00
Rabi,Himachal Pradesh,Masoor,1624.00
Kharif,West Bengal,Bajra,1612.00
Rabi,Telangana,Small millets,1592.00
Rabi,Jammu and Kashmir,Cond-spcs other,1585.00
Kharif,Nagaland,Horse-gram,1580.00
Kharif,Arunachal Pradesh,Sesamum,1568.00
Rabi,Telangana,Castor seed,1540.00
Rabi,Jammu and Kashmir,Garlic,1534.50
Summer,Puducherry,Brinjal,1515.00
Kharif,Odisha,Sunflower,1510.00
Rabi,Dadra and Nagar Haveli,Banana,1500.00
Rabi,Uttarakhand,Urad,1499.00
Kharif,Goa,Other Kharif pulses,1485.00
Rabi,Madhya Pradesh,Safflower,1471.48
Rabi,Puducherry,Rapeseed &Mustard,1465.00
Kharif,Nagaland,Cowpea(Lobia),1420.00
Winter,Manipur,Dry chillies,1420.00
Kharif,Nagaland,Perilla,1410.00
Kharif,Puducherry,Moong(Green Gram),1402.00
Kharif,Andhra Pradesh,other misc. pulses,1382.00
Rabi,Meghalaya,Dry chillies,1375.00
Rabi,Puducherry,Tapioca,1375.00
Whole Year,Andaman and Nicobar Islands,Cashewnut,1374.79
Whole Year,Meghalaya,Oilseeds total,1344.00
Kharif,Uttarakhand,Sunflower,1337.00
Autumn,Andaman and Nicobar Islands,Sugarcane,1332.95
Kharif,Jammu and Kashmir,Rapeseed &Mustard,1325.70
Kharif,Himachal Pradesh,Moong(Green Gram),1324.00
Rabi,Tripura,Gram,1323.00
Kharif,Himachal Pradesh,Bajra,1293.00
Rabi,Jammu and Kashmir,Linseed,1268.50
Whole Year,Uttarakhand,Sannhamp,1262.00
Summer,Uttarakhand,Maize,1230.00
Summer,Chhattisgarh,Onion,1211.00
Rabi,Arunachal Pradesh,Groundnut,1202.00
Autumn,Manipur,Dry chillies,1200.00
Kharif,Nagaland,Jobster,1180.00
Kharif,Telangana,other misc. pulses,1163.00
Whole Year,Madhya Pradesh,Mesta,1151.00
Whole Year,Meghalaya,Garlic,1139.00
Kharif,Andhra Pradesh,Coriander,1135.00
Kharif,Telangana,Samai,1122.00
Whole Year,Andaman and Nicobar Islands,Turmeric,1111.03
Summer,Manipur,Onion,1110.00
Whole Year,Goa,Black pepper,1090.00
Rabi,Telangana,Masoor,1086.00
Rabi,Mizoram,Peas & beans (Pulses),1062.84
Whole Year,Himachal Pradesh,Dry chillies,1047.00
Rabi,Tamil Nadu,Rapeseed &Mustard,1035.10
Whole Year,Jammu and Kashmir,Dry chillies,1020.00
Summer,Puducherry,Sesamum,1016.00
Kharif,Himachal Pradesh,Groundnut,1004.30
Rabi,Andhra Pradesh,Masoor,1003.00
Whole Year,Haryana,Turmeric,965.00
Kharif,Kerala,Small millets,960.00
Rabi,Jammu and Kashmir,Other  Rabi pulses,950.40
Kharif,Mizoram,Arhar/Tur,938.00
Summer,Manipur,Dry ginger,930.00
Kharif,Karnataka,Black pepper,924.00
Rabi,Andaman and Nicobar Islands,Sweet potato,923.00
Kharif,Chhattisgarh,Sannhamp,920.00
Kharif,Dadra and Nagar Haveli,Maize,920.00
Summer,Odisha,Horse-gram,897.60
Rabi,Uttarakhand,Other  Rabi pulses,892.00
Whole Year,Puducherry,Cashewnut,885.00
Rabi,Meghalaya,Sesamum,876.00
Whole Year,Jammu and Kashmir,Beans & Mutter(Vegetable),876.00
Whole Year,Puducherry,Onion,831.00
Whole Year,Madhya Pradesh,Tobacco,814.02
Kharif,Rajasthan,Sannhamp,796.00
Rabi,Uttarakhand,Maize,773.00
Summer,Puducherry,Groundnut,755.00
Summer,Puducherry,Cotton(lint),749.00
Rabi,Telangana,Sweet potato,744.00
Summer,Uttarakhand,Urad,744.00
Kharif,Himachal Pradesh,Dry chillies,741.00
Summer,Manipur,Dry chillies,740.00
Kharif,Puducherry,Other Cereals & Millets,729.00
Kharif,Nagaland,Urad,720.00
Kharif,Mizoram,Peas & beans (Pulses),713.10
Kharif,Jammu and Kashmir,Cond-spcs other,675.40
Kharif,Mizoram,Rapeseed &Mustard,674.00
Rabi,West Bengal,Other  Rabi pulses,674.00
Rabi,Telangana,other oilseeds,666.00
Whole Year,Kerala,Jack Fruit,661.00
Rabi,Puducherry,Other  Rabi pulses,655.00
Kharif,Andaman and Nicobar Islands,Other Kharif pulses,649.00
Kharif,Puducherry,Cashewnut,649.00
Kharif,Nagaland,Blackgram,640.00
Rabi,Puducherry,Brinjal,631.00
Rabi,Andhra Pradesh,Turmeric,630.00
Winter,Dadra and Nagar Haveli,Arhar/Tur,630.00
Rabi,Andhra Pradesh,Linseed,625.00
Kharif,Andhra Pradesh,Arecanut,620.00
Whole Year,Tamil Nadu,Rapeseed &Mustard,618.00
Kharif,Bihar,Niger seed,615.00
Kharif,West Bengal,Castor seed,615.00
Kharif,Assam,Tobacco,612.00
Kharif,Uttar Pradesh,Moth,609.50
Kharif,Chhattisgarh,Bajra,608.00
Kharif,Andhra Pradesh,Linseed,605.00
Whole Year,Andaman and Nicobar Islands,Black pepper,604.50
Kharif,Jammu and Kashmir,Horse-gram,600.00
Whole Year,Kerala,Dry chillies,598.00
Whole Year,Manipur,Bottle Gourd,598.00
Kharif,Himachal Pradesh,Arhar/Tur,591.00
Autumn,Manipur,Dry ginger,590.00
Rabi,Andaman and Nicobar Islands,Moong(Green Gram),575.50
Rabi,Andaman and Nicobar Islands,Dry chillies,575.00
Rabi,Andhra Pradesh,Soyabean,569.00
Whole Year,Puducherry,Arecanut,556.00
Kharif,Nagaland,Barley,540.00
Kharif,Rajasthan,Sunflower,525.00
Rabi,Chandigarh,Rapeseed &Mustard,521.00
Whole Year,Telangana,Tapioca,518.00
Kharif,West Bengal,Khesari,507.00
Whole Year,Madhya Pradesh,Sunflower,496.00
Kharif,Puducherry,Arecanut,494.00
Kharif,Bihar,Cotton(lint),488.00
Rabi,Andaman and Nicobar Islands,Turmeric,482.00
Whole Year,Madhya Pradesh,Castor seed,481.00
Rabi,Meghalaya,Linseed,477.00
Rabi,Andaman and Nicobar Islands,Urad,475.00
Rabi,Meghalaya,Black pepper,462.00
Kharif,Puducherry,Dry ginger,456.00
Kharif,Puducherry,Onion,456.00
Rabi,Madhya Pradesh,Horse-gram,455.00
Kharif,Uttar Pradesh,Ragi,450.00
Whole Year,West Bengal,Jowar,450.00
Rabi,Rajasthan,Sunflower,448.00
Rabi,Andhra Pradesh,Korra,444.00
Rabi,Telangana,other misc. pulses,443.00
Winter,Manipur,Rapeseed &Mustard,440.00
Kharif,Andhra Pradesh,Gram,433.00
Rabi,Himachal Pradesh,Other  Rabi pulses,432.00
Autumn,Manipur,Peas & beans (Pulses),430.00
Rabi,Manipur,Peas & beans (Pulses),430.00
Kharif,Chhattisgarh,Castor seed,429.00
Whole Year,Mizoram,Kapas,429.00
Kharif,Mizoram,Kapas,427.00
Kharif,Arunachal Pradesh,Sunflower,425.00
Rabi,Mizoram,Tobacco,415.00
Whole Year,Rajasthan,Dry ginger,415.00
Kharif,Punjab,Jowar,400.00
Whole Year,Rajasthan,Papaya,400.00
Summer,Puducherry,Ragi,379.00
Rabi,Madhya Pradesh,Cowpea(Lobia),377.00
Kharif,Himachal Pradesh,Turmeric,370.00
Rabi,Andaman and Nicobar Islands,Maize,367.62
Whole Year,Jammu and Kashmir,Turnip,363.00
Whole Year,Kerala,Jowar,363.00
Summer,Manipur,Peas & beans (Pulses),360.00
Winter,Manipur,Dry ginger,360.00
Kharif,Jammu and Kashmir,Sannhamp,355.50
Whole Year,Manipur,Bitter Gourd,353.00
Kharif,Puducherry,Sesamum,350.00
Rabi,Mizoram,Potato,350.00
Kharif,Meghalaya,Castor seed,334.00
Rabi,Manipur,Sugarcane,330.00
Whole Year,Jammu and Kashmir,Sannhamp,329.10
Kharif,Mizoram,Groundnut,329.00
Kharif,Jammu and Kashmir,Peas & beans (Pulses),328.70
Rabi,Mizoram,Arhar/Tur,322.00
Autumn,Manipur,Soyabean,320.00
Winter,Manipur,Peas & beans (Pulses),320.00
Rabi,Mizoram,Moong(Green Gram),314.90
Rabi,Andaman and Nicobar Islands,Cashewnut,310.00
Whole Year,Meghalaya,Coriander,306.00
Rabi,Himachal Pradesh,Coriander,305.00
Rabi,Jammu and Kashmir,Masoor,301.60
Kharif,Jammu and Kashmir,Other Cereals & Millets,299.20
Rabi,West Bengal,Sannhamp,298.00
Kharif,Jammu and Kashmir,Onion,295.10
Whole Year,Kerala,Ragi,286.00
Kharif,Bihar,Safflower,283.00
Winter,Dadra and Nagar Haveli,Banana,280.00
Whole Year,Himachal Pradesh,Turmeric,276.00
Whole Year,Kerala,Sesamum,275.41
Winter,Dadra and Nagar Haveli,Sannhamp,275.00
Rabi,Jammu and Kashmir,other oilseeds,272.10
Whole Year,Rajasthan,Tapioca,264.00
Whole Year,Andhra Pradesh,Wheat,249.00
Whole Year,Andaman and Nicobar Islands,other oilseeds,248.31
Kharif,Dadra and Nagar Haveli,Sannhamp,248.00
Rabi,Chhattisgarh,Garlic,240.00
Rabi,Odisha,Arhar/Tur,240.00
Summer,Chhattisgarh,Maize,233.00
Autumn,Manipur,Sesamum,230.00
Whole Year,Jammu and Kashmir,Redish,230.00
Whole Year,Andhra Pradesh,Linseed,228.00
Whole Year,Chhattisgarh,Tobacco,227.00
Whole Year,Manipur,Cashewnut,223.00
Kharif,Manipur,Cotton(lint),220.00
Kharif,Jammu and Kashmir,Dry ginger,209.70
Kharif,Dadra and Nagar Haveli,Groundnut,205.00
Kharif,Uttarakhand,Moth,205.00
Summer,Puducherry,Bajra,202.00
Rabi,Madhya Pradesh,Small millets,201.00
Kharif,Haryana,Dry ginger,200.00
Winter,Dadra and Nagar Haveli,Niger seed,195.00
Kharif,Telangana,Gram,194.00
Winter,Dadra and Nagar Haveli,Sesamum,194.00
Kharif,Jammu and Kashmir,Barley,191.80
Summer,Uttar Pradesh,Small millets,191.00
Whole Year,Himachal Pradesh,Coriander,189.00
Whole Year,Puducherry,Dry chillies,186.00
Kharif,Uttarakhand,Moong(Green Gram),184.00
Autumn,Manipur,Sweet potato,180.00
Kharif,Gujarat,Pulses total,179.00
Rabi,Puducherry,Sesamum,171.00
Rabi,Manipur,Onion,170.00
Rabi,West Bengal,Castor seed,167.00
Rabi,Telangana,Soyabean,165.00
Whole Year,Jammu and Kashmir,Garlic,165.00
Rabi,Mizoram,Masoor,159.13
Kharif,Uttarakhand,Bajra,157.00
Whole Year,Kerala,Maize,155.00
Rabi,Mizoram,Urad,151.66
Winter,Manipur,Sesamum,150.00
Whole Year,Chhattisgarh,Cotton(lint),145.00
Winter,Dadra and Nagar Haveli,Maize,140.00
Autumn,Manipur,Tapioca,130.00
Kharif,Himachal Pradesh,Cotton(lint),128.00
Kharif,Jammu and Kashmir,other oilseeds,125.40
Whole Year,Chhattisgarh,Bajra,125.00
Whole Year,Madhya Pradesh,Safflower,122.00
Autumn,Manipur,Onion,120.00
Kharif,Punjab,Peas & beans (Pulses),120.00
Rabi,Andaman and Nicobar Islands,Black pepper,120.00
Whole Year,Andhra Pradesh,Safflower,120.00
Whole Year,Madhya Pradesh,Ragi,120.00
Rabi,Chhattisgarh,Maize,117.00
Whole Year,Kerala,Small millets,117.00
Kharif,Sikkim,other oilseeds,114.00
Rabi,Andhra Pradesh,Dry ginger,111.00
Summer,Puducherry,Onion,111.00
Rabi,Tamil Nadu,Wheat,110.00
Kharif,Jammu and Kashmir,Cotton(lint),109.60
Kharif,Uttar Pradesh,Jute,105.00
Rabi,Andaman and Nicobar Islands,Arhar/Tur,104.00
Kharif,Puducherry,Sweet potato,101.00
Rabi,Mizoram,Wheat,101.00
Winter,Manipur,Soyabean,100.00
Winter,Kerala,Sesamum,98.00
Kharif,Himachal Pradesh,Jowar,89.20
Kharif,Chandigarh,Arhar/Tur,88.00
Rabi,Uttarakhand,Moong(Green Gram),87.00
Rabi,Jammu and Kashmir,Moong(Green Gram),86.40
Kharif,Himachal Pradesh,Moth,84.00
Whole Year,Himachal Pradesh,Tobacco,84.00
Kharif,Mizoram,Moong(Green Gram),83.00
Whole Year,Uttar Pradesh,Moth,83.00
Kharif,Uttar Pradesh,Castor seed,80.20
Rabi,Dadra and Nagar Haveli,Gram,80.00
Kharif,Jammu and Kashmir,Garlic,77.30
Kharif,Puducherry,Other Kharif pulses,75.00
Autumn,Manipur,Turmeric,70.00
Rabi,Manipur,Sweet potato,70.00
Summer,Puducherry,Dry chillies,69.00
Kharif,Mizoram,Urad,68.00
Kharif,Jammu and Kashmir,Wheat,61.80
Rabi,Puducherry,Onion,61.00
Kharif,Jammu and Kashmir,Groundnut,60.60
Whole Year,Sikkim,other oilseeds,60.00
Rabi,Puducherry,Dry chillies,57.00
Winter,Dadra and Nagar Haveli,Rapeseed &Mustard,56.00
Kharif,Puducherry,Dry chillies,55.00
Rabi,Andhra Pradesh,Samai,55.00
Summer,Uttarakhand,Pulses total,55.00
Whole Year,Puducherry,Black pepper,55.00
Rabi,Puducherry,Sweet potato,53.00
Kharif,Chandigarh,Urad,51.00
Summer,Chhattisgarh,Sunflower,50.00
Whole Year,Manipur,Rubber,50.00
Kharif,Puducherry,Black pepper,48.00
Kharif,Jammu and Kashmir,Turmeric,46.80
Whole Year,West Bengal,Castor seed,46.00
Kharif,Meghalaya,Linseed,45.00
Rabi,Andhra Pradesh,other misc. pulses,44.00
Summer,Puducherry,Other  Rabi pulses,43.00
Whole Year,Uttarakhand,Sunflower,43.00
Rabi,Puducherry,Other Kharif pulses,42.00
Kharif,Manipur,Jute,40.00
Kharif,Mizoram,Coconut,40.00
Kharif,Sikkim,Oilseeds total,40.00
Rabi,Dadra and Nagar Haveli,Maize,40.00
Winter,Manipur,Onion,40.00
Kharif,Himachal Pradesh,Sannhamp,39.00
Rabi,Puducherry,Turmeric,38.00
Rabi,Telangana,Samai,38.00
Whole Year,Himachal Pradesh,Sannhamp,38.00
Kharif,Andhra Pradesh,Safflower,37.00
Rabi,Meghalaya,Castor seed,36.00
Kharif,Puducherry,Jowar,35.00
Kharif,Rajasthan,Mesta,35.00
Rabi,Chandigarh,Masoor,32.50
Whole Year,Jammu and Kashmir,Tobacco,31.30
Kharif,Mizoram,Sunflower,31.00
Rabi,Chhattisgarh,Castor seed,30.00
Rabi,Puducherry,Ragi,30.00
Whole Year,Himachal Pradesh,Cotton(lint),30.00
Winter,Manipur,Sweet potato,30.00
Kharif,Haryana,Sannhamp,29.00
Kharif,Mizoram,Masoor,28.20
Autumn,West Bengal,Jowar,28.00
Rabi,Chandigarh,Sunflower,28.00
Kharif,Mizoram,Gram,25.00
Rabi,Uttar Pradesh,Castor seed,24.00
Whole Year,Andhra Pradesh,Garlic,23.00
Whole Year,Jammu and Kashmir,Carrot,22.00
Kharif,Chhattisgarh,Guar seed,21.00
Whole Year,Kerala,Soyabean,20.40
Autumn,Manipur,Cotton(lint),20.00
Autumn,Manipur,Jute,20.00
Kharif,Manipur,Arhar/Tur,20.00
Summer,Manipur,Jute,20.00
Summer,Manipur,Turmeric,20.00
Winter,Manipur,Turmeric,20.00
Whole Year,Madhya Pradesh,Brinjal,19.00
Rabi,Mizoram,Gram,18.00
Whole Year,Telangana,Linseed,18.00
Kharif,Puducherry,Small millets,17.00
Whole Year,Jammu and Kashmir,other oilseeds,16.00
Rabi,Andaman and Nicobar Islands,Groundnut,14.40
Kharif,West Bengal,Moth,14.00
Rabi,West Bengal,Moth,13.00
Summer,Puducherry,Jowar,13.00
Whole Year,Kerala,Bhindi,13.00
Rabi,Jammu and Kashmir,Arhar/Tur,12.10
Whole Year,Jammu and Kashmir,Turmeric,11.00
Kharif,Odisha,Soyabean,10.00
Kharif,Telangana,Varagu,10.00
Rabi,Manipur,Cotton(lint),10.00
Winter,Manipur,Cotton(lint),10.00
Kharif,Puducherry,Turmeric,9.00
Rabi,Chhattisgarh,Coriander,9.00
Whole Year,Puducherry,Coriander,9.00
Kharif,Jammu and Kashmir,Masoor,8.10
Rabi,Puducherry,Coriander,8.00
Whole Year,Tamil Nadu,Drum Stick,8.00
Kharif,Chandigarh,Moong(Green Gram),7.00
Kharif,Puducherry,Sunflower,7.00
Rabi,Chandigarh,Gram,7.00
Rabi,Telangana,Varagu,7.00
Winter,Dadra and Nagar Haveli,Sunflower,6.00
Kharif,Andhra Pradesh,Varagu,5.00
Kharif,Manipur,Onion,5.00
Rabi,Uttarakhand,Small millets,5.00
Whole Year,Tamil Nadu,Other Vegetables,5.00
Rabi,Jammu and Kashmir,Urad,4.80
Kharif,Himachal Pradesh,Garlic,4.00
Winter,Dadra and Nagar Haveli,Coriander,4.00
Rabi,Jammu and Kashmir,Turmeric,3.70
Kharif,Jammu and Kashmir,Tobacco,3.70
Rabi,Jammu and Kashmir,Other Cereals & Millets,3.50
Whole Year,Kerala,Wheat,3.00
Rabi,Jammu and Kashmir,Ginger,2.70
Rabi,Andaman and Nicobar Islands,Sunflower,2.40
Kharif,Manipur,Kapas,2.00
Kharif,Uttarakhand,Jowar,2.00
Rabi,Jammu and Kashmir,Coriander,1.10
Kharif,Himachal Pradesh,Coriander,1.00
Kharif,Puducherry,Coriander,1.00
Whole Year,West Bengal,Sunflower,1.00
Kharif,Madhya Pradesh,other misc. pulses,0.16
Rabi,Madhya Pradesh,other misc. pulses,0.05
Rabi,Chhattisgarh,other misc. pulses,0.01
Whole Year,Andhra Pradesh,Bottle Gourd,0.00
Whole Year,Andhra Pradesh,Cabbage,0.00
Whole Year,Andhra Pradesh,Cucumber,0.00
Whole Year,Andhra Pradesh,other fibres,0.00
Whole Year,Andhra Pradesh,Other Vegetables,0.00
Whole Year,Andhra Pradesh,Peas  (vegetable),0.00
Whole Year,Haryana,Banana,0.00
Whole Year,Jammu and Kashmir,Other Fresh Fruits,0.00
Whole Year,Kerala,Bitter Gourd,0.00
Whole Year,Kerala,Brinjal,0.00
Whole Year,Kerala,Other Fresh Fruits,0.00
Whole Year,Kerala,other oilseeds,0.00
Whole Year,Kerala,Other Vegetables,0.00
Whole Year,Kerala,Snak Guard,0.00
Whole Year,Madhya Pradesh,Beans & Mutter(Vegetable),0.00
Whole Year,Madhya Pradesh,Bhindi,0.00
Whole Year,Madhya Pradesh,Cabbage,0.00
Whole Year,Madhya Pradesh,Cashewnut,0.00
Whole Year,Madhya Pradesh,Cauliflower,0.00
Whole Year,Madhya Pradesh,Citrus Fruit,0.00
Whole Year,Madhya Pradesh,Grapes,0.00
Whole Year,Madhya Pradesh,Mango,0.00
Whole Year,Madhya Pradesh,Orange,0.00
Whole Year,Madhya Pradesh,Other Citrus Fruit,0.00
Whole Year,Madhya Pradesh,Other Fresh Fruits,0.00
Whole Year,Madhya Pradesh,Other Vegetables,0.00
Whole Year,Madhya Pradesh,Pome Fruit,0.00
Whole Year,Madhya Pradesh,Tomato,0.00
Whole Year,Madhya Pradesh,Water Melon,0.00
Whole Year,Rajasthan,Banana,0.00
Whole Year,Rajasthan,Citrus Fruit,0.00
Whole Year,Rajasthan,Grapes,0.00
Whole Year,Rajasthan,Mango,0.00
Whole Year,Rajasthan,Oilseeds total,0.00
Whole Year,Rajasthan,Orange,0.00
Whole Year,Rajasthan,other fibres,0.00
Whole Year,Rajasthan,Other Fresh Fruits,0.00
Whole Year,Rajasthan,Other Vegetables,0.00
Whole Year,Rajasthan,Pome Fruit,0.00
Whole Year,Rajasthan,Water Melon,0.00
Whole Year,Tamil Nadu,Apple,0.00
Whole Year,Tamil Nadu,Ash Gourd,0.00
Whole Year,Tamil Nadu,Beans & Mutter(Vegetable),0.00
Whole Year,Tamil Nadu,Beet Root,0.00
Whole Year,Tamil Nadu,Ber,0.00
Whole Year,Tamil Nadu,Bitter Gourd,0.00
Whole Year,Tamil Nadu,Bottle Gourd,0.00
Whole Year,Tamil Nadu,Carrot,0.00
Whole Year,Tamil Nadu,Cauliflower,0.00
Whole Year,Tamil Nadu,Cucumber,0.00
Whole Year,Tamil Nadu,Lab-Lab,0.00
Whole Year,Tamil Nadu,Litchi,0.00
Whole Year,Tamil Nadu,Other Citrus Fruit,0.00
Whole Year,Tamil Nadu,Other Fresh Fruits,0.00
Whole Year,Tamil Nadu,Papaya,0.00
Whole Year,Tamil Nadu,Peach,0.00
Whole Year,Tamil Nadu,Pear,0.00
Whole Year,Tamil Nadu,Plums,0.00
Whole Year,Tamil Nadu,Pome Granet,0.00
Whole Year,Tamil Nadu,Pump Kin,0.00
Whole Year,Tamil Nadu,Redish,0.00
Whole Year,Tamil Nadu,Ribed Guard,0.00
Whole Year,Tamil Nadu,Snak Guard,0.00
Whole Year,Tamil Nadu,Turnip,0.00
Whole Year,Tamil Nadu,Water Melon,0.00
Whole Year,Tamil Nadu,Yam,0.00
Whole Year,Telangana,Bottle Gourd,0.00
Whole Year,Telangana,Cabbage,0.00
Whole Year,Telangana,Cucumber,0.00
Whole Year,Telangana,Other Dry Fruit,0.00
Whole Year,Telangana,other fibres,0.00
Whole Year,Telangana,Other Vegetables,0.00
Whole Year,Telangana,Peas  (vegetable),0.00
